{"type":"FeatureCollection","generator":"overpass-turbo","copyright":"The data included in this document is from www.openstreetmap.org. The data is made available under ODbL.","timestamp":"2026-09-12T10:38:05Z","features":[{"type":"Feature","properties":{"@id":"way/26327903","building":"yes","contact:website":"https://www.wits.ac.za/origins/","name":"Origins Centre","tourism":"museum","wikidata":"Q112764886","wikimedia_commons":"Category:Origins Centre","render_color":"#4fc3f7","render_height":7},"geometry":{"type":"Polygon","coordinates":[[[28.0279915,-26.1929102],[28.0280184,-26.1929927],[28.0280497,-26.1929845],[28.0280844,-26.1930912],[28.0281858,-26.1930647],[28.0282115,-26.1931436],[28.0282971,-26.1931212],[28.0283183,-26.1931867],[28.0286267,-26.1931059],[28.0285182,-26.1927723],[28.0279915,-26.1929102]]]},"id":"way/26327903"},{"type":"Feature","properties":{"@id":"way/26327942","amenity":"library","building":"yes","name":"William Cullen library","name:etymology:wikidata":"Q462762","wikidata":"Q131521518","wikimedia_commons":"Category:William_Cullen_Library","wikipedia":"en:William Cullen Library","render_color":"#4fc3f7","render_height":7},"geometry":{"type":"Polygon","coordinates":[[[28.0295979,-26.1908279],[28.0295499,-26.1905083],[28.0291012,-26.1905341],[28.0291901,-26.1908772],[28.0295979,-26.1908279]]]},"id":"way/26327942"},{"type":"Feature","properties":{"@id":"way/26328027","amenity":"library","building":"yes","created_by":"Potlatch 0.10b","name":"Wartenweilier Library","wheelchair":"yes","render_color":"#4fc3f7","render_height":7},"geometry":{"type":"Polygon","coordinates":[[[28.0306157,-26.1908967],[28.030679,-26.1913748],[28.0310131,-26.1913392],[28.0309498,-26.1908611],[28.0306157,-26.1908967]]]},"id":"way/26328027"},{"type":"Feature","properties":{"@id":"way/26328184","building":"yes","created_by":"Potlatch 0.10b","leisure":"sports_centre","name":"Hall 29","sport":"basketball","render_color":"#2f6b5e","render_height":7},"geometry":{"type":"Polygon","coordinates":[[[28.0255909,-26.18638],[28.025623,-26.1866176],[28.0265984,-26.1865116],[28.0265664,-26.186274],[28.0255909,-26.18638]]]},"id":"way/26328184"},{"type":"Feature","properties":{"@id":"way/172349484","building":"yes","historic":"yes","name":"Tower of Light","render_color":"#4fc3f7","render_height":7},"geometry":{"type":"Polygon","coordinates":[[[28.0259117,-26.1897931],[28.0259421,-26.189796],[28.0259718,-26.1897895],[28.0259972,-26.1897742],[28.0260152,-26.189752],[28.0260237,-26.1897257],[28.0260216,-26.1896983],[28.0260093,-26.1896732],[28.0259881,-26.1896534],[28.0259606,-26.1896413],[28.0259303,-26.1896384],[28.0259006,-26.189645],[28.0258752,-26.1896603],[28.0258571,-26.1896824],[28.0258486,-26.1897088],[28.0258507,-26.1897361],[28.0258631,-26.1897612],[28.0258842,-26.189781],[28.0259117,-26.1897931]]]},"id":"way/172349484"},{"type":"Feature","properties":{"@id":"way/174632195","covered":"no","leisure":"swimming_pool","sport":"swimming","render_color":"#2f6b5e"},"geometry":{"type":"Polygon","coordinates":[[[28.0303338,-26.1899383],[28.0303048,-26.1897404],[28.0297698,-26.1898027],[28.0298057,-26.1900005],[28.0303338,-26.1899383]]]},"id":"way/174632195"},{"type":"Feature","properties":{"@id":"way/223889931","building":"yes","name":"Wits Anglo American Digital Dome","tourism":"museum","render_color":"#4fc3f7","render_height":7},"geometry":{"type":"Polygon","coordinates":[[[28.0281344,-26.1884162],[28.0281302,-26.188513],[28.0281626,-26.18861],[28.0282498,-26.1886016],[28.0282508,-26.1885557],[28.0282731,-26.1885551],[28.0282899,-26.188575],[28.0283222,-26.1885895],[28.0283557,-26.1885955],[28.0284013,-26.1885943],[28.0284399,-26.188584],[28.0284695,-26.1885666],[28.0284848,-26.1885429],[28.0285701,-26.1885389],[28.0285607,-26.1884278],[28.0284791,-26.1884319],[28.0284657,-26.1884138],[28.0284402,-26.1883958],[28.0284107,-26.1883801],[28.0283683,-26.1883759],[28.0283302,-26.1883825],[28.0282994,-26.1884006],[28.028282,-26.1884162],[28.0282685,-26.1884343],[28.028262,-26.1884503],[28.0282387,-26.1884505],[28.0282295,-26.1884122],[28.0281344,-26.1884162]]]},"id":"way/223889931"},{"type":"Feature","properties":{"@id":"way/235891611","building":"university","name":"Wits Science Stadium","render_color":"#4fc3f7","render_height":16},"geometry":{"type":"Polygon","coordinates":[[[28.0253167,-26.1901645],[28.0252201,-26.1902415],[28.025145,-26.1903522],[28.0251114,-26.1904287],[28.0250923,-26.1905076],[28.025086,-26.1906024],[28.0250978,-26.1906988],[28.0251408,-26.1908093],[28.0251972,-26.1908931],[28.025263,-26.1909588],[28.0253689,-26.1910328],[28.0254619,-26.1910843],[28.025505,-26.190996],[28.025601,-26.1910254],[28.0256757,-26.1910294],[28.0257392,-26.1910275],[28.0263989,-26.1909507],[28.0265447,-26.1909316],[28.0265205,-26.1907395],[28.0265548,-26.1907386],[28.0265402,-26.1906264],[28.0256961,-26.1907216],[28.0256954,-26.1907659],[28.0256278,-26.1907734],[28.0255643,-26.190751],[28.0255082,-26.1906915],[28.0254662,-26.1906142],[28.0254665,-26.1905404],[28.025486,-26.1905051],[28.0255095,-26.1904657],[28.0255483,-26.1904357],[28.0253167,-26.1901645]]]},"id":"way/235891611"},{"type":"Feature","properties":{"@id":"way/235932799","building":"university","render_color":"#4fc3f7","render_height":16},"geometry":{"type":"Polygon","coordinates":[[[28.0265685,-26.190938],[28.0265858,-26.1910516],[28.027111,-26.1909883],[28.0270928,-26.1908692],[28.0272389,-26.1908499],[28.0271975,-26.190579],[28.0270345,-26.1905999],[28.027062,-26.1907978],[28.0268031,-26.1908292],[28.0268139,-26.1909071],[28.0265685,-26.190938]]]},"id":"way/235932799"},{"type":"Feature","properties":{"@id":"way/235933334","building":"university","name":"Flower Hall","render_color":"#4fc3f7","render_height":16},"geometry":{"type":"Polygon","coordinates":[[[28.0259729,-26.1919494],[28.0260503,-26.1919521],[28.0261211,-26.1919476],[28.0261945,-26.1919317],[28.0262771,-26.1919032],[28.0262477,-26.1918267],[28.0262381,-26.1918017],[28.0262619,-26.1917985],[28.0262231,-26.1917018],[28.0262461,-26.1916956],[28.026209,-26.1915963],[28.026232,-26.191595],[28.0261928,-26.1914914],[28.0259343,-26.1915195],[28.0259243,-26.1916376],[28.0259475,-26.1916325],[28.0259425,-26.191733],[28.0259654,-26.1917305],[28.0259599,-26.1918346],[28.025981,-26.1918357],[28.0259729,-26.1919494]]]},"id":"way/235933334"},{"type":"Feature","properties":{"@id":"way/235933436","building":"yes","name":"High Voltage Laboratory","render_color":"#4fc3f7","render_height":7},"geometry":{"type":"Polygon","coordinates":[[[28.0257309,-26.191757],[28.0258755,-26.1917393],[28.0258396,-26.1915035],[28.025695,-26.1915213],[28.0257309,-26.191757]]]},"id":"way/235933436"},{"type":"Feature","properties":{"@id":"way/235933437","building":"university","render_color":"#4fc3f7","render_height":16},"geometry":{"type":"Polygon","coordinates":[[[28.025555,-26.1918193],[28.0255875,-26.1920036],[28.0256581,-26.1919936],[28.0256443,-26.1919151],[28.0257478,-26.1919004],[28.0257292,-26.1917946],[28.025555,-26.1918193]]]},"id":"way/235933437"},{"type":"Feature","properties":{"@id":"way/235934474","building":"university","name":"Centre for Learning Teaching and  Development","website":"https://www.wits.ac.za/cltd/","render_color":"#4fc3f7","render_height":16},"geometry":{"type":"Polygon","coordinates":[[[28.0255909,-26.1921113],[28.0256069,-26.1922282],[28.0258771,-26.1921939],[28.0258604,-26.1920819],[28.0255909,-26.1921113]]]},"id":"way/235934474"},{"type":"Feature","properties":{"@id":"way/235953039","building":"yes","render_color":"#1e3a66","render_height":7},"geometry":{"type":"Polygon","coordinates":[[[28.0263009,-26.1896584],[28.0263104,-26.189726],[28.0262661,-26.189731],[28.0262773,-26.189811],[28.0263252,-26.1898056],[28.0263407,-26.1899154],[28.0270479,-26.189835],[28.0270341,-26.1897372],[28.0270773,-26.1897323],[28.0270687,-26.1896715],[28.0270242,-26.1896766],[28.0270107,-26.1895811],[28.0268611,-26.1895981],[28.0268566,-26.1895662],[28.0267014,-26.1895838],[28.0267055,-26.1896128],[28.0266199,-26.1896226],[28.0266157,-26.1895932],[28.0264497,-26.1896121],[28.0264538,-26.1896411],[28.0263009,-26.1896584]]]},"id":"way/235953039"},{"type":"Feature","properties":{"@id":"way/235953040","building":"university","render_color":"#4fc3f7","render_height":16},"geometry":{"type":"Polygon","coordinates":[[[28.0268727,-26.188763],[28.0268076,-26.1882724],[28.0266406,-26.1882902],[28.0266571,-26.188414],[28.0264498,-26.1884361],[28.0264266,-26.188261],[28.0262739,-26.1882773],[28.0262974,-26.188455],[28.0260788,-26.1884783],[28.0260632,-26.1883605],[28.0259021,-26.1883777],[28.0259661,-26.1888599],[28.0261605,-26.1888406],[28.0262072,-26.1889149],[28.0262694,-26.1889701],[28.0263558,-26.1889991],[28.0264491,-26.1890043],[28.0265385,-26.1889755],[28.0266151,-26.1889261],[28.0266593,-26.1888601],[28.0266856,-26.1887869],[28.0268727,-26.188763]]]},"id":"way/235953040"},{"type":"Feature","properties":{"@id":"way/235953041","building":"university","render_color":"#4fc3f7","render_height":16},"geometry":{"type":"Polygon","coordinates":[[[28.0256576,-26.1900456],[28.0256725,-26.1901516],[28.026164,-26.1900962],[28.0261492,-26.1899907],[28.0261335,-26.1899924],[28.0261293,-26.1899624],[28.0256714,-26.190014],[28.0256756,-26.1900436],[28.0256576,-26.1900456]]]},"id":"way/235953041"},{"type":"Feature","properties":{"@id":"way/235953042","building":"university","building:levels":"3","name":"WITS PLUS","render_color":"#4fc3f7","render_height":9.600000000000001},"geometry":{"type":"Polygon","coordinates":[[[28.0269376,-26.1898734],[28.0269495,-26.1899485],[28.02696,-26.1900103],[28.0271159,-26.1900431],[28.0272275,-26.1900314],[28.0272081,-26.1898937],[28.0271777,-26.1898446],[28.0269376,-26.1898734]]]},"id":"way/235953042"},{"type":"Feature","properties":{"@id":"way/235953043","building":"university","render_color":"#4fc3f7","render_height":16},"geometry":{"type":"Polygon","coordinates":[[[28.0269767,-26.1894167],[28.0269464,-26.1892049],[28.0259783,-26.1893164],[28.0260086,-26.1895282],[28.0269767,-26.1894167]]]},"id":"way/235953043"},{"type":"Feature","properties":{"@id":"way/235953044","building":"yes","render_color":"#1e3a66","render_height":7},"geometry":{"type":"Polygon","coordinates":[[[28.0250258,-26.1896414],[28.0258111,-26.1895506],[28.0257713,-26.1892737],[28.0254958,-26.1893055],[28.025489,-26.1892583],[28.0252559,-26.1892852],[28.0252631,-26.1893358],[28.0249865,-26.1893678],[28.0250258,-26.1896414]]]},"id":"way/235953044"},{"type":"Feature","properties":{"@id":"way/235953285","building":"yes","name":"DJ Du Plesis","render_color":"#4fc3f7","render_height":7},"geometry":{"type":"Polygon","coordinates":[[[28.0236978,-26.1885079],[28.0244396,-26.1884241],[28.0244378,-26.1884141],[28.0246686,-26.1883849],[28.0246658,-26.1883677],[28.0248058,-26.1883478],[28.024775,-26.1882908],[28.024729,-26.1882327],[28.0246736,-26.1881793],[28.0246101,-26.1881395],[28.0245387,-26.188105],[28.0244661,-26.1880859],[28.024386,-26.1880738],[28.0243911,-26.1881244],[28.023656,-26.188209],[28.0236978,-26.1885079]]]},"id":"way/235953285"},{"type":"Feature","properties":{"@id":"way/235953286","building":"university","render_color":"#4fc3f7","render_height":16},"geometry":{"type":"Polygon","coordinates":[[[28.0248822,-26.1889709],[28.0249106,-26.1891604],[28.0250207,-26.1891523],[28.0250171,-26.1891193],[28.0252027,-26.1890959],[28.0251623,-26.1887793],[28.0252791,-26.1887708],[28.0252814,-26.1888096],[28.0253702,-26.1888028],[28.0256035,-26.189051],[28.0257443,-26.1887733],[28.0257263,-26.1885958],[28.0254746,-26.188622],[28.0254637,-26.1885775],[28.0254343,-26.188531],[28.0253838,-26.1884958],[28.0253128,-26.1884748],[28.0253241,-26.1884305],[28.0249039,-26.1883075],[28.0248342,-26.1885353],[28.024832,-26.1886785],[28.0249039,-26.1886966],[28.024937,-26.1889656],[28.0248822,-26.1889709]]]},"id":"way/235953286"},{"type":"Feature","properties":{"@id":"way/235953804","building":"university","name":"Geosciences Building","render_color":"#4fc3f7","render_height":16},"geometry":{"type":"Polygon","coordinates":[[[28.029557,-26.1913782],[28.0295705,-26.191481],[28.0298314,-26.1914552],[28.0297561,-26.1909265],[28.0294961,-26.1909532],[28.0295136,-26.1910615],[28.0296294,-26.191046],[28.0296445,-26.1911366],[28.0294663,-26.1911551],[28.0294851,-26.191296],[28.0296618,-26.1912773],[28.0296738,-26.1913651],[28.029557,-26.1913782]]]},"id":"way/235953804"},{"type":"Feature","properties":{"@id":"way/235953805","building":"university","name":"North West Engineering","render_color":"#4fc3f7","render_height":16},"geometry":{"type":"Polygon","coordinates":[[[28.0288077,-26.1915777],[28.0294381,-26.1915239],[28.0293586,-26.191053],[28.0286077,-26.1911374],[28.0286541,-26.1914448],[28.0287863,-26.19143],[28.0288077,-26.1915777]]]},"id":"way/235953805"},{"type":"Feature","properties":{"@id":"way/235953999","building":"yes","name":"John Moffat","wikidata":"Q131500927","wikimedia_commons":"Category:John Moffat Building, University of the Witwatersrand","render_color":"#4fc3f7","render_height":7},"geometry":{"type":"Polygon","coordinates":[[[28.02903,-26.1899166],[28.029054,-26.1900242],[28.0292498,-26.1900045],[28.0292823,-26.1902544],[28.0290892,-26.1902443],[28.0290892,-26.1902852],[28.0290946,-26.1903261],[28.0291031,-26.1903649],[28.0291135,-26.1904061],[28.0292954,-26.1903502],[28.0293007,-26.1903818],[28.0294345,-26.1903671],[28.0293782,-26.1899886],[28.0295695,-26.1899677],[28.0295559,-26.1898679],[28.02903,-26.1899166]]]},"id":"way/235953999"},{"type":"Feature","properties":{"@id":"way/235954311","building":"university","name":"Biology Building","render_color":"#4fc3f7","render_height":16},"geometry":{"type":"Polygon","coordinates":[[[28.0310468,-26.1908508],[28.0311123,-26.1913197],[28.0312764,-26.1912959],[28.0312256,-26.190946],[28.0312787,-26.1909398],[28.0312928,-26.1910371],[28.0314934,-26.1910137],[28.0314795,-26.190918],[28.0315312,-26.1909119],[28.0315818,-26.1912602],[28.0317397,-26.1912418],[28.0316723,-26.1907777],[28.0310468,-26.1908508]]]},"id":"way/235954311"},{"type":"Feature","properties":{"@id":"way/235954312","building":"yes","name":"Umthombo","render_color":"#4fc3f7","render_height":7},"geometry":{"type":"Polygon","coordinates":[[[28.0312059,-26.1904291],[28.0312324,-26.1905969],[28.0313113,-26.1905876],[28.0313138,-26.1906069],[28.0313898,-26.1905971],[28.0313867,-26.1905777],[28.0314631,-26.1905686],[28.0314191,-26.1902758],[28.0307171,-26.1903573],[28.0307094,-26.1902986],[28.0305746,-26.1903133],[28.0306303,-26.1907034],[28.030813,-26.1906827],[28.0307828,-26.1904795],[28.0312059,-26.1904291]]]},"id":"way/235954312"},{"type":"Feature","properties":{"@id":"way/235954638","building":"yes","name":"Jan Smuts House","render_color":"#4fc3f7","render_height":7},"geometry":{"type":"Polygon","coordinates":[[[28.0318498,-26.1906759],[28.0319561,-26.1906622],[28.0319768,-26.1907105],[28.0320486,-26.1906858],[28.032021,-26.190585],[28.0320007,-26.190481],[28.0319933,-26.1903803],[28.0319967,-26.1902887],[28.0319124,-26.1902845],[28.0319087,-26.1903441],[28.0317084,-26.1903679],[28.0317223,-26.1904625],[28.0318167,-26.1904513],[28.0318498,-26.1906759]]]},"id":"way/235954638"},{"type":"Feature","properties":{"@id":"way/235954681","building":"yes","name":"Emthonjeni","render_color":"#4fc3f7","render_height":7},"geometry":{"type":"Polygon","coordinates":[[[28.0319105,-26.190907],[28.03194,-26.1912092],[28.0322474,-26.1911851],[28.0322362,-26.1910711],[28.0321185,-26.1908691],[28.0319105,-26.190907]]]},"id":"way/235954681"},{"type":"Feature","properties":{"@id":"way/235955323","addr:city":"Johannesburg","addr:housenumber":"1","addr:postcode":"2000","addr:street":"Jan Smuts Avenue","building":"yes","description":"School of Chemistry","name":"Humphrey Raikes","render_color":"#4fc3f7","render_height":7},"geometry":{"type":"Polygon","coordinates":[[[28.0309476,-26.1919907],[28.030999,-26.1923145],[28.0316588,-26.1922385],[28.031606,-26.1919183],[28.0309476,-26.1919907]]]},"id":"way/235955323"},{"type":"Feature","properties":{"@id":"way/235955325","building":"yes","name":"Gatehouse","render_color":"#4fc3f7","render_height":7},"geometry":{"type":"Polygon","coordinates":[[[28.0317803,-26.1921144],[28.032263,-26.1920566],[28.0322439,-26.1919175],[28.0322254,-26.1919171],[28.032223,-26.1919014],[28.0318286,-26.1919491],[28.0318191,-26.1918951],[28.0317581,-26.1919031],[28.0317643,-26.191942],[28.0317271,-26.1919448],[28.0317407,-26.1920399],[28.031771,-26.1920367],[28.0317803,-26.1921144]]]},"id":"way/235955325"},{"type":"Feature","properties":{"@id":"way/235955326","building":"yes","name":"Oppenheimer Life Sciences Building","render_color":"#4fc3f7","render_height":7},"geometry":{"type":"Polygon","coordinates":[[[28.0326552,-26.1917288],[28.0324493,-26.1914245],[28.0322942,-26.1914435],[28.0322733,-26.1913018],[28.0316024,-26.1913814],[28.0316677,-26.1918294],[28.0322149,-26.191763],[28.0322081,-26.1917174],[28.0323264,-26.1917035],[28.0323898,-26.1917442],[28.0323914,-26.1917596],[28.0326552,-26.1917288]]]},"id":"way/235955326"},{"type":"Feature","properties":{"@id":"way/235955327","building":"yes","name":"Physics building","render_color":"#4fc3f7","render_height":7},"geometry":{"type":"Polygon","coordinates":[[[28.0308844,-26.1915635],[28.0309268,-26.1918717],[28.0315919,-26.1917951],[28.0315496,-26.1914844],[28.0308844,-26.1915635]]]},"id":"way/235955327"},{"type":"Feature","properties":{"@id":"way/235955328","building":"yes","height":"15","name":"Wits School of the Arts","render_color":"#4fc3f7","render_height":15},"geometry":{"type":"Polygon","coordinates":[[[28.0322409,-26.1918767],[28.0322876,-26.192255],[28.0329093,-26.1921773],[28.0329053,-26.1921429],[28.0329133,-26.1921194],[28.0329376,-26.1920886],[28.0329638,-26.1920669],[28.0327875,-26.1918146],[28.0324433,-26.1918512],[28.0324406,-26.1918357],[28.0322939,-26.1918533],[28.0322956,-26.1918698],[28.0322409,-26.1918767]]]},"id":"way/235955328"},{"type":"Feature","properties":{"@id":"way/235955515","addr:street":"Stiemens Street","amenity":"place_of_worship","building":"chapel","denomination":"catholic","name":"Holy Trinity Church","religion":"christian","wikidata":"Q28223209","wikipedia":"en:Holy Trinity Catholic Church, Braamfontein","render_color":"#4fc3f7","render_height":11},"geometry":{"type":"Polygon","coordinates":[[[28.032879,-26.1926751],[28.0330443,-26.1926564],[28.0330391,-26.1926203],[28.0330769,-26.1926157],[28.0330799,-26.1926367],[28.0331601,-26.1926278],[28.0331421,-26.1925039],[28.0330771,-26.1925117],[28.0330815,-26.1925455],[28.0330297,-26.1925514],[28.0330069,-26.1923854],[28.0328391,-26.1924053],[28.032879,-26.1926751]]]},"id":"way/235955515"},{"type":"Feature","properties":{"@id":"way/353523546","addr:city":"Johannesburg","leisure":"golf_course","name":"Wits Golf Academy Driving Range","operator":"Wits University","render_color":"#2f6b5e"},"geometry":{"type":"Polygon","coordinates":[[[28.0233483,-26.1916391],[28.0234744,-26.1916115],[28.0234048,-26.1911827],[28.0229002,-26.1880713],[28.0228804,-26.1879338],[28.0228174,-26.1879218],[28.0221718,-26.1881012],[28.0226699,-26.1911626],[28.0227403,-26.1917422],[28.0233483,-26.1916391]]]},"id":"way/353523546"},{"type":"Feature","properties":{"@id":"way/407944694","leisure":"pitch","sport":"tennis","render_color":"#2f6b5e"},"geometry":{"type":"Polygon","coordinates":[[[28.0306452,-26.186865],[28.0304459,-26.1868845],[28.0305108,-26.1872115],[28.0306895,-26.1871921],[28.0306452,-26.186865]]]},"id":"way/407944694"},{"type":"Feature","properties":{"@id":"way/407944695","leisure":"pitch","sport":"tennis","render_color":"#2f6b5e"},"geometry":{"type":"Polygon","coordinates":[[[28.0306452,-26.186865],[28.0306895,-26.1871921],[28.0308708,-26.1871712],[28.03084,-26.1868352],[28.0306452,-26.186865]]]},"id":"way/407944695"},{"type":"Feature","properties":{"@id":"way/407957507","leisure":"pitch","name":"Rugby Stadium","sport":"rugby","render_color":"#2f6b5e"},"geometry":{"type":"Polygon","coordinates":[[[28.0309254,-26.1868007],[28.0310932,-26.1880798],[28.0312434,-26.1880582],[28.0312606,-26.1881944],[28.031915,-26.1881149],[28.0317381,-26.1868898],[28.031692,-26.1868156],[28.0316846,-26.1867627],[28.0316321,-26.1867286],[28.0309254,-26.1868007]]]},"id":"way/407957507"},{"type":"Feature","properties":{"@id":"way/407957508","leisure":"pitch","name":"Soccer Field","render_color":"#2f6b5e"},"geometry":{"type":"Polygon","coordinates":[[[28.0281259,-26.1873128],[28.0282565,-26.1882742],[28.0289659,-26.1881966],[28.0288353,-26.1872351],[28.0281259,-26.1873128]]]},"id":"way/407957508"},{"type":"Feature","properties":{"@id":"way/407957509","leisure":"pitch","name":"Walter Milton Oval","render_color":"#2f6b5e"},"geometry":{"type":"Polygon","coordinates":[[[28.0296955,-26.1870547],[28.0291316,-26.187287],[28.0290914,-26.1873188],[28.0290759,-26.1873633],[28.0291711,-26.1880397],[28.0292109,-26.1881159],[28.0292764,-26.1881787],[28.0293625,-26.1882429],[28.0294584,-26.1882832],[28.0295878,-26.1883103],[28.0297197,-26.1883135],[28.0299436,-26.188287],[28.0300686,-26.1882561],[28.0301777,-26.188204],[28.0302648,-26.1881372],[28.0303522,-26.1880413],[28.0303797,-26.1879884],[28.0303868,-26.1879338],[28.0303046,-26.1873433],[28.0302878,-26.1872802],[28.030252,-26.1872274],[28.0302067,-26.1871869],[28.0300471,-26.187096],[28.0299586,-26.1870641],[28.0298681,-26.1870449],[28.0297733,-26.187042],[28.0296955,-26.1870547]]]},"id":"way/407957509"},{"type":"Feature","properties":{"@id":"way/407957514","building":"yes","name":"Bozzoli Sport Pavilion","render_color":"#4fc3f7","render_height":7},"geometry":{"type":"Polygon","coordinates":[[[28.0305056,-26.1872809],[28.0304727,-26.1869982],[28.0301723,-26.1867846],[28.029957,-26.1868092],[28.029841,-26.1869422],[28.0299765,-26.1870372],[28.0300784,-26.187024],[28.0300958,-26.1870023],[28.0302353,-26.1869909],[28.030348,-26.187068],[28.0303656,-26.1871959],[28.0303533,-26.1872093],[28.030466,-26.1872851],[28.0305056,-26.1872809]]]},"id":"way/407957514"},{"type":"Feature","properties":{"@id":"way/407957515","building":"yes","render_color":"#1e3a66","render_height":7},"geometry":{"type":"Polygon","coordinates":[[[28.0303533,-26.1872093],[28.0303656,-26.1871959],[28.030348,-26.187068],[28.0302353,-26.1869909],[28.0300958,-26.1870023],[28.0300784,-26.187024],[28.0303533,-26.1872093]]]},"id":"way/407957515"},{"type":"Feature","properties":{"@id":"way/407957516","building":"university","render_color":"#4fc3f7","render_height":16},"geometry":{"type":"Polygon","coordinates":[[[28.0301113,-26.1865083],[28.0301274,-26.1866275],[28.0304519,-26.1865998],[28.0304492,-26.1864843],[28.0301113,-26.1865083]]]},"id":"way/407957516"},{"type":"Feature","properties":{"@id":"way/407957517","building":"university","render_color":"#4fc3f7","render_height":16},"geometry":{"type":"Polygon","coordinates":[[[28.0297078,-26.1864992],[28.0297197,-26.1866522],[28.0297728,-26.186694],[28.0300308,-26.1866871],[28.0300255,-26.1865366],[28.0299653,-26.1864826],[28.0297078,-26.1864992]]]},"id":"way/407957517"},{"type":"Feature","properties":{"@id":"way/407957519","leisure":"pitch","name":"'B' Field","render_color":"#2f6b5e"},"geometry":{"type":"Polygon","coordinates":[[[28.0279992,-26.1871517],[28.0287663,-26.1870963],[28.0287475,-26.1866992],[28.0293939,-26.1866751],[28.0293403,-26.185722],[28.0292196,-26.1856763],[28.028225,-26.1856679],[28.0279267,-26.1860878],[28.0279992,-26.1871517]]]},"id":"way/407957519"},{"type":"Feature","properties":{"@id":"way/407957520","leisure":"pitch","render_color":"#2f6b5e"},"geometry":{"type":"Polygon","coordinates":[[[28.0226455,-26.1852406],[28.0228922,-26.1866848],[28.0241153,-26.1866462],[28.0240509,-26.1862515],[28.0248878,-26.1861986],[28.0247269,-26.1850577],[28.0226455,-26.1852406]]]},"id":"way/407957520"},{"type":"Feature","properties":{"@id":"way/407957522","leisure":"pitch","sport":"soccer","render_color":"#2f6b5e"},"geometry":{"type":"Polygon","coordinates":[[[28.0248908,-26.1859463],[28.0249376,-26.1862738],[28.0251219,-26.1862524],[28.025078,-26.1859273],[28.0248908,-26.1859463]]]},"id":"way/407957522"},{"type":"Feature","properties":{"@id":"way/407957523","leisure":"pitch","sport":"soccer","render_color":"#2f6b5e"},"geometry":{"type":"Polygon","coordinates":[[[28.025078,-26.1859273],[28.0251219,-26.1862524],[28.0252934,-26.1862337],[28.0252495,-26.1859087],[28.025078,-26.1859273]]]},"id":"way/407957523"},{"type":"Feature","properties":{"@id":"way/407957524","leisure":"pitch","sport":"basketball","render_color":"#2f6b5e"},"geometry":{"type":"Polygon","coordinates":[[[28.0242725,-26.1863194],[28.024314,-26.1866074],[28.0244782,-26.1865884],[28.0244368,-26.1863004],[28.0242725,-26.1863194]]]},"id":"way/407957524"},{"type":"Feature","properties":{"@id":"way/407957525","leisure":"pitch","name":"Netball Court","sport":"netball","render_color":"#2f6b5e"},"geometry":{"type":"Polygon","coordinates":[[[28.0244326,-26.1862605],[28.0244782,-26.1865884],[28.0246729,-26.1865668],[28.0246267,-26.1862385],[28.0244326,-26.1862605]]]},"id":"way/407957525"},{"type":"Feature","properties":{"@id":"way/407957526","leisure":"pitch","name":"Netball Court","sport":"netball","render_color":"#2f6b5e"},"geometry":{"type":"Polygon","coordinates":[[[28.0246267,-26.1862385],[28.0246729,-26.1865668],[28.0248677,-26.1865464],[28.0248206,-26.1862147],[28.0246267,-26.1862385]]]},"id":"way/407957526"},{"type":"Feature","properties":{"@id":"way/407957527","leisure":"pitch","sport":"soccer","render_color":"#2f6b5e"},"geometry":{"type":"Polygon","coordinates":[[[28.0239513,-26.185252],[28.0240492,-26.1861824],[28.024768,-26.1861289],[28.0246487,-26.1852094],[28.0239513,-26.185252]]]},"id":"way/407957527"},{"type":"Feature","properties":{"@id":"way/407957528","leisure":"pitch","sport":"soccer","render_color":"#2f6b5e"},"geometry":{"type":"Polygon","coordinates":[[[28.0238578,-26.1863488],[28.0237421,-26.185367],[28.0230221,-26.1854353],[28.0231378,-26.1864171],[28.0238578,-26.1863488]]]},"id":"way/407957528"},{"type":"Feature","properties":{"@id":"way/452712704","alt_name":"Central Block","building":"university","name":"Great Hall","wikidata":"Q131275848","wikimedia_commons":"Category:Central Block, University of the Witwatersrand","render_color":"#4fc3f7","render_height":16},"geometry":{"type":"Polygon","coordinates":[[[28.0299242,-26.1924415],[28.0309032,-26.1923236],[28.0308146,-26.1917296],[28.0306153,-26.1917498],[28.0306223,-26.1917803],[28.0305519,-26.1917883],[28.0305326,-26.191652],[28.0300805,-26.1917072],[28.0300974,-26.1918339],[28.0300351,-26.1918421],[28.0300321,-26.1918134],[28.0298469,-26.1918329],[28.0299242,-26.1924415]]]},"id":"way/452712704"},{"type":"Feature","properties":{"@id":"way/618210268","building":"university","name":"TW Kambule Mathematical Sciences Building","render_color":"#4fc3f7","render_height":16},"geometry":{"type":"Polygon","coordinates":[[[28.0263544,-26.1899751],[28.0263953,-26.1902417],[28.0266926,-26.1902418],[28.026763,-26.1907326],[28.0269709,-26.1907072],[28.0269009,-26.1902376],[28.0269512,-26.1902338],[28.0269512,-26.1901219],[28.0265663,-26.1901267],[28.0265475,-26.190069],[28.0268627,-26.1900305],[28.0268466,-26.1899221],[28.0263544,-26.1899751]]]},"id":"way/618210268"},{"type":"Feature","properties":{"@id":"way/618210975","building":"yes","name":"Genmin Laboratory","render_color":"#4fc3f7","render_height":7},"geometry":{"type":"Polygon","coordinates":[[[28.0256498,-26.1914693],[28.0263222,-26.1913967],[28.0262899,-26.1911908],[28.0262082,-26.1911991],[28.0262013,-26.1911472],[28.0259795,-26.19117],[28.0259849,-26.1912222],[28.0259098,-26.1912331],[28.0259015,-26.1911798],[28.02562,-26.1912147],[28.0256498,-26.1914693]]]},"id":"way/618210975"},{"type":"Feature","properties":{"@id":"way/618335707","building":"yes","name":"David Webster Hall","render_color":"#4fc3f7","render_height":7},"geometry":{"type":"Polygon","coordinates":[[[28.0256602,-26.186779],[28.0257023,-26.1871268],[28.0266456,-26.1870011],[28.0265896,-26.1866491],[28.0256602,-26.186779]]]},"id":"way/618335707"},{"type":"Feature","properties":{"@id":"way/618335708","building":"university","name":"Barnato Hall","render_color":"#4fc3f7","render_height":16},"geometry":{"type":"Polygon","coordinates":[[[28.0252773,-26.1866826],[28.0244507,-26.1867832],[28.0245114,-26.1872316],[28.0247869,-26.1872064],[28.0247776,-26.187131],[28.0250391,-26.18711],[28.0250485,-26.1871855],[28.025338,-26.1871561],[28.0252773,-26.1866826]]]},"id":"way/618335708"},{"type":"Feature","properties":{"@id":"way/618335709","building":"yes","name":"Convocation Dining Hall","render_color":"#4fc3f7","render_height":7},"geometry":{"type":"Polygon","coordinates":[[[28.0243199,-26.1868083],[28.0240538,-26.1868376],[28.0240771,-26.187022],[28.0239884,-26.1870388],[28.023993,-26.1871645],[28.0243713,-26.18711],[28.0243199,-26.1868083]]]},"id":"way/618335709"},{"type":"Feature","properties":{"@id":"way/618335711","building":"yes","name":"Wits Club","render_color":"#4fc3f7","render_height":7},"geometry":{"type":"Polygon","coordinates":[[[28.0255787,-26.1857295],[28.0257061,-26.1858915],[28.0260247,-26.1857009],[28.025961,-26.185631],[28.0258902,-26.1856977],[28.0258052,-26.1855961],[28.0255787,-26.1857295]]]},"id":"way/618335711"},{"type":"Feature","properties":{"@id":"way/618335712","building":"yes","name":"The Barns","render_color":"#4fc3f7","render_height":7},"geometry":{"type":"Polygon","coordinates":[[[28.0256389,-26.1861709],[28.0256495,-26.1862694],[28.0259716,-26.1862218],[28.0262618,-26.1859994],[28.0263361,-26.1858184],[28.0262512,-26.1857739],[28.026145,-26.1859899],[28.025922,-26.186136],[28.0256389,-26.1861709]]]},"id":"way/618335712"},{"type":"Feature","properties":{"@id":"way/618335713","building":"yes","name":"Alumni House","render_color":"#4fc3f7","render_height":7},"geometry":{"type":"Polygon","coordinates":[[[28.0255717,-26.1858915],[28.0255858,-26.1860471],[28.0256778,-26.1860439],[28.0256672,-26.1858883],[28.0255717,-26.1858915]]]},"id":"way/618335713"},{"type":"Feature","properties":{"@id":"way/618335714","leisure":"sports_centre","name":"Gym and Squash courts","render_color":"#2f6b5e"},"geometry":{"type":"Polygon","coordinates":[[[28.0267774,-26.1865119],[28.0271501,-26.1864664],[28.0270985,-26.1861331],[28.0267232,-26.1861832],[28.0267774,-26.1865119]]]},"id":"way/618335714"},{"type":"Feature","properties":{"@id":"way/618552332","building":"yes","render_color":"#1e3a66","render_height":7},"geometry":{"type":"Polygon","coordinates":[[[28.0237093,-26.187271],[28.0236245,-26.1872823],[28.0236284,-26.1873055],[28.0235436,-26.1873168],[28.0235535,-26.1873766],[28.0236164,-26.1873682],[28.0236151,-26.1873603],[28.0236355,-26.1873576],[28.023637,-26.1873668],[28.0236713,-26.1873627],[28.0236698,-26.1873531],[28.0237217,-26.1873461],[28.0237093,-26.187271]]]},"id":"way/618552332"},{"type":"Feature","properties":{"@id":"way/618552333","building":"yes","name":"PIMD","render_color":"#4fc3f7","render_height":7},"geometry":{"type":"Polygon","coordinates":[[[28.023792,-26.18852],[28.023937,-26.189519],[28.0248368,-26.1894138],[28.0246918,-26.1884149],[28.023792,-26.18852]]]},"id":"way/618552333"},{"type":"Feature","properties":{"@id":"way/618552334","building":"yes","render_color":"#1e3a66","render_height":7},"geometry":{"type":"Polygon","coordinates":[[[28.0237776,-26.1894837],[28.023767,-26.1894075],[28.0236148,-26.1894297],[28.0236254,-26.1895091],[28.0237776,-26.1894837]]]},"id":"way/618552334"},{"type":"Feature","properties":{"@id":"way/618552335","building":"yes","name":"Sturrock Park","render_color":"#4fc3f7","render_height":7},"geometry":{"type":"Polygon","coordinates":[[[28.0235197,-26.1933073],[28.0233809,-26.1929045],[28.0231641,-26.1929664],[28.0231531,-26.1929299],[28.0232216,-26.1928201],[28.0232336,-26.1928249],[28.0234492,-26.1924733],[28.0233219,-26.1924089],[28.0231015,-26.1927629],[28.0231163,-26.1927696],[28.0230174,-26.1929192],[28.0230592,-26.1930522],[28.0229248,-26.1930884],[28.0229672,-26.1932205],[28.0231126,-26.1931843],[28.0231806,-26.193399],[28.0235197,-26.1933073]]]},"id":"way/618552335"},{"type":"Feature","properties":{"@id":"way/618552336","building":"retail","name":"Zesti Lemonz","render_color":"#4fc3f7","render_height":6},"geometry":{"type":"Polygon","coordinates":[[[28.0277219,-26.190267],[28.0276904,-26.1902201],[28.0276529,-26.1902022],[28.0276153,-26.1901904],[28.0275711,-26.1901904],[28.0275336,-26.1902022],[28.0274982,-26.190234],[28.0274739,-26.1902796],[28.0274762,-26.190345],[28.027496,-26.1903826],[28.0276106,-26.1903221],[28.0277219,-26.190267]]]},"id":"way/618552336"},{"type":"Feature","properties":{"@id":"way/661120876","leisure":"pitch","name":"Wits Sturrock Park","render_color":"#2f6b5e"},"geometry":{"type":"Polygon","coordinates":[[[28.0214769,-26.1924467],[28.0206596,-26.1924752],[28.020711,-26.1936645],[28.0215284,-26.193636],[28.0214769,-26.1924467]]]},"id":"way/661120876"},{"type":"Feature","properties":{"@id":"way/661120877","leisure":"sports_centre","name":"Old Mutual Sports Hall","render_color":"#2f6b5e"},"geometry":{"type":"Polygon","coordinates":[[[28.0290226,-26.1897802],[28.0295939,-26.1897187],[28.0295528,-26.1893867],[28.0289832,-26.1894435],[28.0290226,-26.1897802]]]},"id":"way/661120877"},{"type":"Feature","properties":{"@id":"way/661122408","building":"yes","render_color":"#1e3a66","render_height":7},"geometry":{"type":"Polygon","coordinates":[[[28.0284881,-26.1903848],[28.0284982,-26.1904592],[28.0285816,-26.1904501],[28.0285861,-26.1904834],[28.0289226,-26.1904465],[28.0289247,-26.1904615],[28.0290247,-26.1904506],[28.029008,-26.1903279],[28.0284881,-26.1903848]]]},"id":"way/661122408"},{"type":"Feature","properties":{"@id":"way/661122409","building":"yes","render_color":"#1e3a66","render_height":7},"geometry":{"type":"Polygon","coordinates":[[[28.0285273,-26.1900013],[28.0285372,-26.1900752],[28.0285018,-26.190079],[28.0285209,-26.1902219],[28.0285641,-26.1902173],[28.0285723,-26.1902782],[28.0288855,-26.1902444],[28.028882,-26.1902181],[28.0289834,-26.1902071],[28.0289716,-26.1901191],[28.0290001,-26.190116],[28.0289944,-26.190073],[28.0289669,-26.1900759],[28.0289548,-26.1899854],[28.0288584,-26.1899958],[28.0288544,-26.189966],[28.0285273,-26.1900013]]]},"id":"way/661122409"},{"type":"Feature","properties":{"@id":"way/661122410","building":"yes","render_color":"#1e3a66","render_height":7},"geometry":{"type":"Polygon","coordinates":[[[28.0288356,-26.1899206],[28.0288174,-26.1897955],[28.0284635,-26.1898369],[28.0284687,-26.1898729],[28.0284162,-26.189879],[28.0284291,-26.1899682],[28.0288356,-26.1899206]]]},"id":"way/661122410"},{"type":"Feature","properties":{"@id":"way/709805320","leisure":"garden","render_color":"#2f6b5e"},"geometry":{"type":"Polygon","coordinates":[[[28.0298353,-26.1917368],[28.0298471,-26.1918283],[28.0300346,-26.1918097],[28.0300378,-26.191839],[28.0300958,-26.1918319],[28.0300805,-26.1917072],[28.0298353,-26.1917368]]]},"id":"way/709805320"},{"type":"Feature","properties":{"@id":"way/709805321","leisure":"garden","render_color":"#2f6b5e"},"geometry":{"type":"Polygon","coordinates":[[[28.0305386,-26.1916552],[28.0305594,-26.1917825],[28.0306154,-26.1917732],[28.030612,-26.1917452],[28.030797,-26.191725],[28.0307833,-26.1916273],[28.0305386,-26.1916552]]]},"id":"way/709805321"},{"type":"Feature","properties":{"@id":"way/709811100","leisure":"garden","render_color":"#2f6b5e"},"geometry":{"type":"Polygon","coordinates":[[[28.0258374,-26.1890491],[28.0258319,-26.1890698],[28.0258465,-26.1890866],[28.0258702,-26.1890868],[28.0258852,-26.1890702],[28.0258801,-26.1890494],[28.0258588,-26.18904],[28.0258374,-26.1890491]]]},"id":"way/709811100"},{"type":"Feature","properties":{"@id":"way/730199873","building":"yes","name":"Dalrymple","render_color":"#4fc3f7","render_height":7},"geometry":{"type":"Polygon","coordinates":[[[28.0290722,-26.1890236],[28.0290545,-26.1890256],[28.0290699,-26.1891346],[28.0290876,-26.1891326],[28.0291031,-26.1892425],[28.0292541,-26.1892254],[28.0292392,-26.1891198],[28.0295395,-26.1890857],[28.0295551,-26.1891963],[28.02968,-26.1891821],[28.0296631,-26.1890621],[28.0296816,-26.1890595],[28.0296655,-26.188956],[28.0296485,-26.1889583],[28.0296194,-26.1887515],[28.0294939,-26.1887658],[28.0295231,-26.1889735],[28.0292237,-26.1890075],[28.0292094,-26.1889062],[28.0293285,-26.1888927],[28.0293139,-26.1887891],[28.0292304,-26.1887989],[28.0292312,-26.1888066],[28.0290586,-26.1888259],[28.0290574,-26.1888178],[28.0289747,-26.1888276],[28.0289892,-26.1889309],[28.029058,-26.1889231],[28.0290722,-26.1890236]]]},"id":"way/730199873"},{"type":"Feature","properties":{"@id":"way/739519833","building":"yes","render_color":"#1e3a66","render_height":7},"geometry":{"type":"Polygon","coordinates":[[[28.0290076,-26.1925107],[28.0290424,-26.1927633],[28.0294125,-26.1927224],[28.029375,-26.192471],[28.0290076,-26.1925107]]]},"id":"way/739519833"},{"type":"Feature","properties":{"@id":"way/739519834","building":"university","building:levels":"9","height":"28","render_color":"#4fc3f7","render_height":28},"geometry":{"type":"Polygon","coordinates":[[[28.029253,-26.1932249],[28.029261,-26.1932833],[28.0292912,-26.1932802],[28.0292979,-26.1933236],[28.0293589,-26.1933157],[28.029363,-26.1933307],[28.0299383,-26.1932658],[28.0299155,-26.1931117],[28.0293321,-26.1931834],[28.0293361,-26.1932145],[28.029253,-26.1932249]]]},"id":"way/739519834"},{"type":"Feature","properties":{"@id":"way/739519835","building":"university","height":"13","render_color":"#4fc3f7","render_height":13},"geometry":{"type":"Polygon","coordinates":[[[28.0293003,-26.1931554],[28.0292631,-26.1928957],[28.0289623,-26.1929339],[28.0290003,-26.1931895],[28.0293003,-26.1931554]]]},"id":"way/739519835"},{"type":"Feature","properties":{"@id":"way/739519836","building":"yes","height":"5","render_color":"#1e3a66","render_height":5},"geometry":{"type":"Polygon","coordinates":[[[28.0298923,-26.1930357],[28.0298804,-26.1929531],[28.029898,-26.192951],[28.0298788,-26.192818],[28.0297201,-26.1928363],[28.0297222,-26.1928511],[28.0296487,-26.1928596],[28.0296402,-26.1927998],[28.0293632,-26.1928315],[28.0293803,-26.1929509],[28.0292771,-26.1929628],[28.0292974,-26.193105],[28.0298923,-26.1930357]]]},"id":"way/739519836"},{"type":"Feature","properties":{"@id":"way/739519837","building":"yes","render_color":"#1e3a66","render_height":7},"geometry":{"type":"Polygon","coordinates":[[[28.0294154,-26.1924985],[28.0296294,-26.192475],[28.0296279,-26.1924573],[28.0297003,-26.1924488],[28.029703,-26.1924657],[28.0298251,-26.1924512],[28.0297712,-26.1920645],[28.0291126,-26.1921483],[28.029137,-26.192313],[28.0291629,-26.1923097],[28.0291737,-26.1923775],[28.0293946,-26.1923519],[28.0294154,-26.1924985]]]},"id":"way/739519837"},{"type":"Feature","properties":{"@id":"way/739519838","building":"university","name":"South West Engineering","render_color":"#4fc3f7","render_height":16},"geometry":{"type":"Polygon","coordinates":[[[28.0297689,-26.1920071],[28.0297138,-26.1916939],[28.0290602,-26.1917776],[28.0291034,-26.1920817],[28.0297689,-26.1920071]]]},"id":"way/739519838"},{"type":"Feature","properties":{"@id":"way/739519839","building":"yes","render_color":"#1e3a66","render_height":7},"geometry":{"type":"Polygon","coordinates":[[[28.0285705,-26.1918336],[28.0286179,-26.1921964],[28.0285908,-26.1921993],[28.0286203,-26.1922987],[28.0290188,-26.1922544],[28.0290075,-26.1921812],[28.0289556,-26.1921881],[28.0289388,-26.1920485],[28.0288327,-26.1918991],[28.0287415,-26.1919066],[28.0287272,-26.1918162],[28.0285705,-26.1918336]]]},"id":"way/739519839"},{"type":"Feature","properties":{"@id":"way/739519840","building":"yes","name":"WIts Postgraduate Club","render_color":"#4fc3f7","render_height":7},"geometry":{"type":"Polygon","coordinates":[[[28.0288977,-26.1923428],[28.0288492,-26.192345],[28.0287649,-26.1923488],[28.0287676,-26.1924017],[28.0287515,-26.1924053],[28.0287609,-26.1924607],[28.0287998,-26.1924583],[28.0288025,-26.1925365],[28.0289098,-26.1925197],[28.0288977,-26.1923428]]]},"id":"way/739519840"},{"type":"Feature","properties":{"@id":"way/739519841","amenity":"pub","building":"yes","name":"The Blind Pig","render_color":"#4fc3f7","render_height":7},"geometry":{"type":"Polygon","coordinates":[[[28.0288492,-26.192345],[28.0287649,-26.1923488],[28.0287676,-26.1924017],[28.0287515,-26.1924053],[28.0287609,-26.1924607],[28.0287998,-26.1924583],[28.0288574,-26.192448],[28.0288492,-26.192345]]]},"id":"way/739519841"},{"type":"Feature","properties":{"@id":"way/739519842","building":"yes","render_color":"#1e3a66","render_height":7},"geometry":{"type":"Polygon","coordinates":[[[28.0279347,-26.1927873],[28.0284958,-26.1926523],[28.0284592,-26.1925246],[28.0279503,-26.1926583],[28.0279549,-26.1926735],[28.0279087,-26.1926853],[28.0279347,-26.1927873]]]},"id":"way/739519842"},{"type":"Feature","properties":{"@id":"way/739519845","building":"yes","museum":"art","name":"Wits Art Museum","opening_hours":"Tu-Sa 10:00-16:00; PH off","tourism":"museum","website":"https://www.wits.ac.za/wam/","wheelchair":"limited","wikidata":"Q121359940","render_color":"#4fc3f7","render_height":7},"geometry":{"type":"Polygon","coordinates":[[[28.0331786,-26.1929632],[28.0331352,-26.1926554],[28.0330076,-26.1926699],[28.0330105,-26.192691],[28.0325505,-26.192744],[28.0325908,-26.1930299],[28.0330498,-26.1929778],[28.0331786,-26.1929632]]]},"id":"way/739519845"},{"type":"Feature","properties":{"@id":"way/739521835","building":"yes","name":"The Matrix","render_color":"#4fc3f7","render_height":7},"geometry":{"type":"Polygon","coordinates":[[[28.0305752,-26.1898826],[28.0308401,-26.1898498],[28.0308243,-26.1897533],[28.0309141,-26.189741],[28.0309296,-26.1897033],[28.030835,-26.1896575],[28.0308515,-26.1896052],[28.0308789,-26.1895402],[28.0309138,-26.1895556],[28.0309566,-26.1895603],[28.0309718,-26.189536],[28.0309876,-26.1894912],[28.0309883,-26.1894648],[28.0309547,-26.1894472],[28.030924,-26.1894416],[28.0309333,-26.189416],[28.0309331,-26.1893964],[28.0307532,-26.1893031],[28.0307264,-26.1893079],[28.0305849,-26.1894734],[28.0305244,-26.1895521],[28.0305752,-26.1898826]]]},"id":"way/739521835"},{"type":"Feature","properties":{"@id":"way/739521836","building":"yes","name":"Students Union","render_color":"#4fc3f7","render_height":7},"geometry":{"type":"Polygon","coordinates":[[[28.0305752,-26.1898826],[28.030624,-26.1902288],[28.0310622,-26.1901786],[28.0310546,-26.1901219],[28.0309936,-26.1901288],[28.0309528,-26.1898381],[28.0305752,-26.1898826]]]},"id":"way/739521836"},{"type":"Feature","properties":{"@id":"way/739521837","building":"yes","name":"International House","render_color":"#4fc3f7","render_height":7},"geometry":{"type":"Polygon","coordinates":[[[28.0309888,-26.1891761],[28.0310012,-26.1891725],[28.0310543,-26.1893146],[28.0309592,-26.1893218],[28.0309709,-26.1894519],[28.0310533,-26.1894469],[28.0310491,-26.1893926],[28.0310975,-26.1893799],[28.0311046,-26.1893982],[28.0311689,-26.1893786],[28.0311597,-26.1893561],[28.0312985,-26.189314],[28.0313074,-26.1893363],[28.0313699,-26.1893168],[28.031361,-26.1892942],[28.0314991,-26.1892524],[28.031508,-26.1892746],[28.0315697,-26.1892564],[28.0315877,-26.1892619],[28.0315828,-26.1892793],[28.0316454,-26.1892967],[28.0316653,-26.1892327],[28.0316715,-26.1892345],[28.0316813,-26.1892102],[28.0316856,-26.1892118],[28.0317245,-26.1890923],[28.0316835,-26.189081],[28.0316932,-26.1890522],[28.0316294,-26.1890356],[28.0315819,-26.1891838],[28.0315565,-26.1891765],[28.0314982,-26.1890189],[28.0314585,-26.1890304],[28.0314477,-26.1890037],[28.0313843,-26.189022],[28.0313956,-26.1890546],[28.031406,-26.1890513],[28.0314548,-26.1891833],[28.0313468,-26.1892166],[28.0312965,-26.1890804],[28.0312574,-26.1890915],[28.0312464,-26.1890654],[28.0311834,-26.1890834],[28.0311938,-26.1891146],[28.0312051,-26.1891127],[28.0312533,-26.1892428],[28.0311423,-26.1892762],[28.0310931,-26.189142],[28.0310535,-26.1891546],[28.0310442,-26.1891279],[28.0309812,-26.1891468],[28.0309888,-26.1891761]]]},"id":"way/739521837"},{"type":"Feature","properties":{"@id":"way/739545290","leisure":"pitch","sport":"basketball","render_color":"#2f6b5e"},"geometry":{"type":"Polygon","coordinates":[[[28.0300604,-26.1896564],[28.0302312,-26.1896304],[28.0301984,-26.1893813],[28.0300327,-26.1893999],[28.0300604,-26.1896564]]]},"id":"way/739545290"},{"type":"Feature","properties":{"@id":"way/739545291","leisure":"pitch","sport":"beachvolleyball","surface":"sand","render_color":"#2f6b5e"},"geometry":{"type":"Polygon","coordinates":[[[28.0299697,-26.1895892],[28.029951,-26.1894569],[28.0296707,-26.1894893],[28.0296818,-26.1896242],[28.0299697,-26.1895892]]]},"id":"way/739545291"},{"type":"Feature","properties":{"@id":"way/762915424","building":"yes","render_color":"#1e3a66","render_height":7},"geometry":{"type":"Polygon","coordinates":[[[28.0310672,-26.1905121],[28.0310589,-26.1905963],[28.0310696,-26.1905968],[28.0310626,-26.190656],[28.0312043,-26.1906386],[28.0311764,-26.1905823],[28.0311893,-26.1905798],[28.0311577,-26.1904998],[28.0310672,-26.1905121]]]},"id":"way/762915424"},{"type":"Feature","properties":{"@id":"way/762915425","building":"university","render_color":"#4fc3f7","render_height":16},"geometry":{"type":"Polygon","coordinates":[[[28.0308586,-26.190517],[28.0308485,-26.1906187],[28.0308594,-26.1906208],[28.0308528,-26.1906794],[28.0310472,-26.1906563],[28.0310241,-26.1906011],[28.0310343,-26.1905971],[28.0309956,-26.1905027],[28.0308586,-26.190517]]]},"id":"way/762915425"},{"type":"Feature","properties":{"@id":"way/762915426","building":"yes","name":"Sunnyside Hall","render_color":"#4fc3f7","render_height":7},"geometry":{"type":"Polygon","coordinates":[[[28.03191,-26.1894367],[28.0319072,-26.1894157],[28.0317777,-26.1894306],[28.0318238,-26.189753],[28.0317748,-26.1897585],[28.0317704,-26.1897249],[28.0315639,-26.1897466],[28.0315685,-26.1897817],[28.0315203,-26.1897871],[28.0314912,-26.1895779],[28.0313617,-26.1895928],[28.03141,-26.1899406],[28.0315395,-26.1899257],[28.0315255,-26.189825],[28.0315734,-26.1898197],[28.0315772,-26.1898485],[28.0317837,-26.1898269],[28.0317797,-26.1897964],[28.0318292,-26.1897909],[28.0318434,-26.1898903],[28.0319729,-26.1898754],[28.031921,-26.1895118],[28.0319317,-26.1895105],[28.0319367,-26.1895456],[28.0320545,-26.1895319],[28.0320699,-26.1896417],[28.0319523,-26.1896553],[28.031968,-26.1897648],[28.0321661,-26.1897418],[28.0321354,-26.1895224],[28.0322666,-26.1895071],[28.0322633,-26.189487],[28.032276,-26.1894855],[28.0322615,-26.1893969],[28.03191,-26.1894367]]]},"id":"way/762915426"},{"type":"Feature","properties":{"@id":"way/762915427","building":"yes","render_color":"#1e3a66","render_height":7},"geometry":{"type":"Polygon","coordinates":[[[28.0314217,-26.1900511],[28.0319984,-26.1899861],[28.0319849,-26.1898897],[28.0314083,-26.1899547],[28.0314217,-26.1900511]]]},"id":"way/762915427"},{"type":"Feature","properties":{"@id":"way/762915428","building":"yes","render_color":"#1e3a66","render_height":7},"geometry":{"type":"Polygon","coordinates":[[[28.032273,-26.1889307],[28.0322586,-26.188835],[28.0321211,-26.1888512],[28.0321269,-26.1888886],[28.0321842,-26.1888818],[28.0321928,-26.1889402],[28.032273,-26.1889307]]]},"id":"way/762915428"},{"type":"Feature","properties":{"@id":"way/762915429","building":"yes","name":"Hofmeyr House","render_color":"#4fc3f7","render_height":7},"geometry":{"type":"Polygon","coordinates":[[[28.0322373,-26.1888025],[28.0322413,-26.1888298],[28.0323129,-26.1888214],[28.0322921,-26.1886707],[28.0321077,-26.1886924],[28.0321245,-26.1888158],[28.0322373,-26.1888025]]]},"id":"way/762915429"},{"type":"Feature","properties":{"@id":"way/762942639","building":"yes","name":"Digital Arts","render_color":"#4fc3f7","render_height":7},"geometry":{"type":"Polygon","coordinates":[[[28.0325568,-26.1924436],[28.032553,-26.1924176],[28.0323464,-26.1924422],[28.0323692,-26.1925955],[28.0324722,-26.1925824],[28.0324661,-26.1925403],[28.032494,-26.1925367],[28.0325007,-26.1925794],[28.0325632,-26.1925723],[28.032566,-26.1925906],[28.0326556,-26.1925794],[28.0326331,-26.1924341],[28.0325568,-26.1924436]]]},"id":"way/762942639"},{"type":"Feature","properties":{"@id":"way/762942640","building":"yes","name":"Nunnery","render_color":"#4fc3f7","render_height":7},"geometry":{"type":"Polygon","coordinates":[[[28.0324893,-26.1927232],[28.0324776,-26.1926398],[28.0323811,-26.1926506],[28.0323927,-26.1927341],[28.0324893,-26.1927232]]]},"id":"way/762942640"},{"type":"Feature","properties":{"@id":"way/762942641","building":"yes","render_color":"#1e3a66","render_height":7},"geometry":{"type":"Polygon","coordinates":[[[28.0325181,-26.1926715],[28.0326824,-26.192651],[28.0326713,-26.1925791],[28.032507,-26.1925995],[28.0325181,-26.1926715]]]},"id":"way/762942641"},{"type":"Feature","properties":{"@id":"way/762942642","building":"yes","render_color":"#1e3a66","render_height":7},"geometry":{"type":"Polygon","coordinates":[[[28.032841,-26.1924904],[28.0328268,-26.1923943],[28.0326767,-26.1924121],[28.0327154,-26.192693],[28.0328654,-26.1926751],[28.0328512,-26.192579],[28.032719,-26.1925947],[28.0327069,-26.1925063],[28.032841,-26.1924904]]]},"id":"way/762942642"},{"type":"Feature","properties":{"@id":"way/762942643","building":"yes","render_color":"#1e3a66","render_height":7},"geometry":{"type":"Polygon","coordinates":[[[28.0317825,-26.1921703],[28.0316906,-26.1921825],[28.0317134,-26.1923203],[28.0318053,-26.1923081],[28.0317825,-26.1921703]]]},"id":"way/762942643"},{"type":"Feature","properties":{"@id":"way/766025869","building":"university","name":"Chamber of Mines","wikidata":"Q131292918","wikimedia_commons":"Category:Chamber of Mines Building, University of the Witwatersrand","render_color":"#4fc3f7","render_height":16},"geometry":{"type":"Polygon","coordinates":[[[28.0267136,-26.1917171],[28.0266276,-26.1917277],[28.0266676,-26.1920152],[28.0269922,-26.1919764],[28.0269787,-26.1919005],[28.0271329,-26.1918814],[28.0271306,-26.1918667],[28.0273375,-26.1918427],[28.0273062,-26.1916269],[28.0273629,-26.1916203],[28.0273508,-26.1915373],[28.027333,-26.1915394],[28.0272965,-26.1912858],[28.0270163,-26.1913182],[28.0270142,-26.1913044],[28.0269237,-26.1913155],[28.0269315,-26.1913664],[28.0266879,-26.1913944],[28.0267106,-26.1915765],[28.0266923,-26.1915788],[28.0267136,-26.1917171]]]},"id":"way/766025869"},{"type":"Feature","properties":{"@id":"way/766183013","building":"yes","render_color":"#1e3a66","render_height":7},"geometry":{"type":"Polygon","coordinates":[[[28.0241487,-26.187318],[28.0242196,-26.1873098],[28.0242106,-26.1872468],[28.0240041,-26.1872705],[28.0240131,-26.1873336],[28.0240837,-26.1873254],[28.0240856,-26.1873388],[28.0241506,-26.1873316],[28.0241487,-26.187318]]]},"id":"way/766183013"},{"type":"Feature","properties":{"@id":"way/766183014","building":"yes","render_color":"#1e3a66","render_height":7},"geometry":{"type":"Polygon","coordinates":[[[28.0235853,-26.1878289],[28.0236095,-26.1878713],[28.0236314,-26.1878613],[28.0236346,-26.1878674],[28.0237052,-26.1878371],[28.0236451,-26.1877247],[28.0236687,-26.1877141],[28.0236333,-26.1876508],[28.0235052,-26.1877086],[28.0235406,-26.1877718],[28.0235751,-26.1877562],[28.0236084,-26.1878184],[28.0235853,-26.1878289]]]},"id":"way/766183014"},{"type":"Feature","properties":{"@id":"way/766183015","building":"yes","render_color":"#1e3a66","render_height":7},"geometry":{"type":"Polygon","coordinates":[[[28.024124,-26.1877666],[28.0241457,-26.1877565],[28.0240772,-26.1876382],[28.0240088,-26.1876701],[28.0240125,-26.1876765],[28.0239545,-26.1877038],[28.0239914,-26.1877669],[28.0240492,-26.1877398],[28.0240886,-26.1878079],[28.0241353,-26.1877861],[28.024124,-26.1877666]]]},"id":"way/766183015"},{"type":"Feature","properties":{"@id":"way/766183016","building":"yes","render_color":"#1e3a66","render_height":7},"geometry":{"type":"Polygon","coordinates":[[[28.0242187,-26.187782],[28.0243098,-26.1877398],[28.0243231,-26.1877631],[28.0242998,-26.1877736],[28.0243233,-26.1878157],[28.0243471,-26.187805],[28.0243511,-26.187812],[28.0244219,-26.1877796],[28.0243233,-26.1876069],[28.0242525,-26.1876393],[28.0242724,-26.1876741],[28.024181,-26.1877164],[28.0242187,-26.187782]]]},"id":"way/766183016"},{"type":"Feature","properties":{"@id":"way/766183017","building":"yes","render_color":"#1e3a66","render_height":7},"geometry":{"type":"Polygon","coordinates":[[[28.0239904,-26.1875819],[28.0240584,-26.1875497],[28.0239792,-26.1874072],[28.0239099,-26.1874385],[28.023914,-26.1874459],[28.0238212,-26.1874887],[28.0238571,-26.1875515],[28.0239498,-26.1875096],[28.0239649,-26.1875367],[28.0239412,-26.1875473],[28.023964,-26.1875888],[28.0239881,-26.187578],[28.0239904,-26.1875819]]]},"id":"way/766183017"},{"type":"Feature","properties":{"@id":"way/766183018","building":"yes","render_color":"#1e3a66","render_height":7},"geometry":{"type":"Polygon","coordinates":[[[28.0242441,-26.1875792],[28.0242482,-26.1875865],[28.0243179,-26.1875551],[28.0242207,-26.1873812],[28.024151,-26.1874126],[28.0241547,-26.1874194],[28.0240631,-26.1874607],[28.0241008,-26.187528],[28.0241924,-26.1874867],[28.0242214,-26.1875386],[28.0241992,-26.1875491],[28.024222,-26.1875897],[28.0242441,-26.1875792]]]},"id":"way/766183018"},{"type":"Feature","properties":{"@id":"way/766183019","building":"yes","render_color":"#1e3a66","render_height":7},"geometry":{"type":"Polygon","coordinates":[[[28.0238509,-26.1877876],[28.0238273,-26.1877982],[28.0238501,-26.1878397],[28.0238741,-26.1878289],[28.0238764,-26.1878328],[28.0239456,-26.1878015],[28.0238828,-26.1876926],[28.0238963,-26.1876859],[28.0238604,-26.1876232],[28.0236978,-26.1876981],[28.0237337,-26.1877609],[28.0238138,-26.1877244],[28.0238509,-26.1877876]]]},"id":"way/766183019"},{"type":"Feature","properties":{"@id":"way/766183020","building":"yes","render_color":"#1e3a66","render_height":7},"geometry":{"type":"Polygon","coordinates":[[[28.0237173,-26.1875671],[28.0236936,-26.1875777],[28.0237164,-26.1876192],[28.0237405,-26.1876084],[28.0237427,-26.1876124],[28.023812,-26.187581],[28.023766,-26.1874992],[28.0237895,-26.1874883],[28.0237536,-26.1874256],[28.023591,-26.1875005],[28.0236269,-26.1875633],[28.023697,-26.187531],[28.0237173,-26.1875671]]]},"id":"way/766183020"},{"type":"Feature","properties":{"@id":"way/766183021","building":"yes","render_color":"#1e3a66","render_height":7},"geometry":{"type":"Polygon","coordinates":[[[28.0235414,-26.187646],[28.023591,-26.1876247],[28.0235784,-26.1876012],[28.0235991,-26.1875927],[28.0235216,-26.1874471],[28.0234261,-26.1874902],[28.0234589,-26.1875516],[28.0234847,-26.18754],[28.0235414,-26.187646]]]},"id":"way/766183021"},{"type":"Feature","properties":{"@id":"way/766335247","leisure":"pitch","sport":"tennis","render_color":"#2f6b5e"},"geometry":{"type":"Polygon","coordinates":[[[28.0307347,-26.1875191],[28.0307789,-26.1878462],[28.0309728,-26.1878468],[28.0309432,-26.1874986],[28.0307347,-26.1875191]]]},"id":"way/766335247"},{"type":"Feature","properties":{"@id":"way/766335248","leisure":"pitch","sport":"tennis","render_color":"#2f6b5e"},"geometry":{"type":"Polygon","coordinates":[[[28.0307347,-26.1875191],[28.030545,-26.1875383],[28.0305968,-26.1878749],[28.0307789,-26.1878462],[28.0307347,-26.1875191]]]},"id":"way/766335248"},{"type":"Feature","properties":{"@id":"way/766335249","leisure":"pitch","sport":"tennis","render_color":"#2f6b5e"},"geometry":{"type":"Polygon","coordinates":[[[28.0306895,-26.1871921],[28.0307347,-26.1875191],[28.0309432,-26.1874986],[28.0308708,-26.1871712],[28.0306895,-26.1871921]]]},"id":"way/766335249"},{"type":"Feature","properties":{"@id":"way/766335250","leisure":"pitch","sport":"tennis","render_color":"#2f6b5e"},"geometry":{"type":"Polygon","coordinates":[[[28.0306895,-26.1871921],[28.0305108,-26.1872115],[28.030545,-26.1875383],[28.0307347,-26.1875191],[28.0306895,-26.1871921]]]},"id":"way/766335250"},{"type":"Feature","properties":{"@id":"way/766335251","building":"yes","render_color":"#1e3a66","render_height":7},"geometry":{"type":"Polygon","coordinates":[[[28.0304132,-26.1889842],[28.0304274,-26.1890745],[28.0305709,-26.1890577],[28.0305567,-26.1889674],[28.0304132,-26.1889842]]]},"id":"way/766335251"},{"type":"Feature","properties":{"@id":"way/766335252","building":"yes","name":"College House","render_color":"#4fc3f7","render_height":7},"geometry":{"type":"Polygon","coordinates":[[[28.0304045,-26.1892075],[28.030489,-26.1891972],[28.0304863,-26.1891791],[28.0305403,-26.1891726],[28.0305428,-26.1891901],[28.0306267,-26.1891804],[28.0306231,-26.1891553],[28.0307949,-26.1891356],[28.0307959,-26.189143],[28.0308816,-26.1891332],[28.0308665,-26.1890275],[28.0307749,-26.189038],[28.0307613,-26.1889401],[28.0307986,-26.1889359],[28.0307825,-26.1888274],[28.0307462,-26.1888316],[28.0307322,-26.1887307],[28.0308216,-26.1887201],[28.0308059,-26.1886138],[28.0307214,-26.1886244],[28.030723,-26.188634],[28.0305507,-26.1886539],[28.0305497,-26.1886446],[28.0304626,-26.1886547],[28.0304783,-26.188761],[28.0306019,-26.1887462],[28.0306159,-26.1888464],[28.0303106,-26.1888811],[28.0302818,-26.1886719],[28.0301591,-26.1886859],[28.0301888,-26.1888961],[28.0301652,-26.1888987],[28.0301799,-26.1890027],[28.0302034,-26.189],[28.0302328,-26.1892082],[28.0303556,-26.1891942],[28.0303267,-26.1889896],[28.0306309,-26.188955],[28.0306445,-26.189053],[28.0305252,-26.1890667],[28.0305342,-26.1891295],[28.0304798,-26.1891361],[28.0304705,-26.1890743],[28.030386,-26.1890845],[28.0304045,-26.1892075]]]},"id":"way/766335252"},{"type":"Feature","properties":{"@id":"way/847161353","building":"yes","height":"3","render_color":"#1e3a66","render_height":3},"geometry":{"type":"Polygon","coordinates":[[[28.0330844,-26.1923604],[28.0330877,-26.1923813],[28.0331326,-26.1923755],[28.0331293,-26.1923547],[28.0330844,-26.1923604]]]},"id":"way/847161353"},{"type":"Feature","properties":{"@id":"way/1107016214","leisure":"pitch","sport":"tennis","render_color":"#2f6b5e"},"geometry":{"type":"Polygon","coordinates":[[[28.0218236,-26.1921946],[28.0218684,-26.1924914],[28.0220352,-26.1924687],[28.021984,-26.1921731],[28.0218236,-26.1921946]]]},"id":"way/1107016214"},{"type":"Feature","properties":{"@id":"way/1107016215","leisure":"pitch","sport":"tennis","render_color":"#2f6b5e"},"geometry":{"type":"Polygon","coordinates":[[[28.0218876,-26.1925168],[28.0219325,-26.1928135],[28.0220992,-26.1927908],[28.0220481,-26.1924952],[28.0218876,-26.1925168]]]},"id":"way/1107016215"},{"type":"Feature","properties":{"@id":"way/1107016216","leisure":"pitch","sport":"tennis","render_color":"#2f6b5e"},"geometry":{"type":"Polygon","coordinates":[[[28.0219252,-26.1928345],[28.02197,-26.1931312],[28.0221368,-26.1931085],[28.0220856,-26.1928129],[28.0219252,-26.1928345]]]},"id":"way/1107016216"},{"type":"Feature","properties":{"@id":"way/1107016217","leisure":"pitch","sport":"tennis","render_color":"#2f6b5e"},"geometry":{"type":"Polygon","coordinates":[[[28.0221022,-26.1926563],[28.022147,-26.1929531],[28.0223138,-26.1929304],[28.0222627,-26.1926348],[28.0221022,-26.1926563]]]},"id":"way/1107016217"},{"type":"Feature","properties":{"@id":"way/1107016218","leisure":"pitch","sport":"bowls","render_color":"#2f6b5e"},"geometry":{"type":"Polygon","coordinates":[[[28.0220444,-26.1922115],[28.0224172,-26.192173],[28.0223491,-26.1918234],[28.0219848,-26.191863],[28.0220444,-26.1922115]]]},"id":"way/1107016218"},{"type":"Feature","properties":{"@id":"way/1107016219","leisure":"pitch","sport":"bowls","render_color":"#2f6b5e"},"geometry":{"type":"Polygon","coordinates":[[[28.0221024,-26.1925957],[28.0224752,-26.1925572],[28.0224071,-26.1922076],[28.0220428,-26.1922472],[28.0221024,-26.1925957]]]},"id":"way/1107016219"},{"type":"Feature","properties":{"@id":"way/1269080333","leisure":"pitch","render_color":"#2f6b5e"},"geometry":{"type":"Polygon","coordinates":[[[28.0210718,-26.1907715],[28.021271,-26.1917501],[28.0225512,-26.1916139],[28.0223615,-26.1905077],[28.0210718,-26.1907715]]]},"id":"way/1269080333"},{"type":"Feature","properties":{"@id":"way/1377856427","building":"apartments","name":"Barnato Hall","render_color":"#4fc3f7","render_height":12},"geometry":{"type":"Polygon","coordinates":[[[28.0251281,-26.1873412],[28.0248373,-26.1873778],[28.0248491,-26.1874442],[28.0251377,-26.1874124],[28.0251281,-26.1873412]]]},"id":"way/1377856427"},{"type":"Feature","properties":{"@id":"way/1377856428","building":"apartments","render_color":"#1e3a66","render_height":12},"geometry":{"type":"Polygon","coordinates":[[[28.0252002,-26.1873644],[28.0252235,-26.1874985],[28.0252889,-26.187491],[28.0252646,-26.1873569],[28.0252002,-26.1873644]]]},"id":"way/1377856428"},{"type":"Feature","properties":{"@id":"way/1377856429","building":"apartments","render_color":"#1e3a66","render_height":12},"geometry":{"type":"Polygon","coordinates":[[[28.025318,-26.1873372],[28.0253984,-26.1874305],[28.0254467,-26.1873959],[28.0253641,-26.1873044],[28.025318,-26.1873372]]]},"id":"way/1377856429"},{"type":"Feature","properties":{"@id":"way/1427337843","addr:city":"Johannesburg","addr:street":"Yale Road","building":"college","name":"Yale-Columbia Southern Observatory (YCSO)","wikidata":"Q4205816","wikimedia_commons":"File:Yale telescope at night.jpg","wikipedia":"Yale–Columbia_Southern_Observatory","render_color":"#4fc3f7","render_height":16},"geometry":{"type":"Polygon","coordinates":[[[28.0284809,-26.1903995],[28.0284824,-26.1902613],[28.0284831,-26.190191],[28.028423,-26.190191],[28.0284235,-26.1904009],[28.0284809,-26.1903995]]]},"id":"way/1427337843"},{"type":"Feature","properties":{"@id":"way/1554607551","building":"university","name":"The Sanctuary","render_color":"#4fc3f7","render_height":16},"geometry":{"type":"Polygon","coordinates":[[[28.0309614,-26.1881013],[28.0308155,-26.1881119],[28.03072,-26.1881186],[28.0307339,-26.18829],[28.0308584,-26.1882852],[28.030985,-26.1882756],[28.0309614,-26.1881013]]]},"id":"way/1554607551"},{"type":"Feature","properties":{"@id":"way/1554607552","building":"university","name":"Ithemba Labs","render_color":"#4fc3f7","render_height":16},"geometry":{"type":"Polygon","coordinates":[[[28.0297088,-26.1861861],[28.0297294,-26.1864142],[28.0299149,-26.1863926],[28.0299458,-26.1864049],[28.0301039,-26.1864111],[28.0301313,-26.186445],[28.030334,-26.1864388],[28.0303237,-26.186223],[28.0301519,-26.1862169],[28.0301348,-26.1861552],[28.0297088,-26.1861861]]]},"id":"way/1554607552"},{"type":"Feature","properties":{"@id":"way/1554607553","building":"university","name":"Professional Development Hub","render_color":"#4fc3f7","render_height":16},"geometry":{"type":"Polygon","coordinates":[[[28.0305504,-26.1862015],[28.0306157,-26.1866392],[28.0309042,-26.1866176],[28.0308493,-26.1861922],[28.0305504,-26.1862015]]]},"id":"way/1554607553"},{"type":"Feature","properties":{"@id":"way/23289443","access":"private","highway":"service"},"geometry":{"type":"LineString","coordinates":[[28.0254998,-26.1919205],[28.0255056,-26.1921308],[28.0254992,-26.1922162],[28.0254678,-26.1922863],[28.0250947,-26.1928159],[28.0250479,-26.1929307],[28.0250245,-26.1931518],[28.0250123,-26.1932362]]},"id":"way/23289443"},{"type":"Feature","properties":{"@id":"way/23465352","fixme":"Doesn't this connect to M1?","highway":"residential","name":"Yale Road","oneway":"yes","sidewalk":"both","surface":"asphalt"},"geometry":{"type":"LineString","coordinates":[[28.0278772,-26.1866634],[28.0278761,-26.1867742],[28.0278879,-26.1869],[28.0278861,-26.1872087],[28.0278879,-26.1875156],[28.0279434,-26.1879534],[28.0279671,-26.1882098],[28.0279858,-26.1883494]]},"id":"way/23465352"},{"type":"Feature","properties":{"@id":"way/26327974","highway":"service"},"geometry":{"type":"LineString","coordinates":[[28.0318912,-26.1913223],[28.0318496,-26.1909356],[28.0318348,-26.1908237],[28.0317973,-26.1906925],[28.0317802,-26.1906585],[28.0317476,-26.1905938],[28.031529,-26.1902761],[28.0314073,-26.1901107],[28.0310997,-26.1897514],[28.0308515,-26.1896052]]},"id":"way/26327974"},{"type":"Feature","properties":{"@id":"way/26328050","highway":"service","name":"Station Street","surface":"asphalt"},"geometry":{"type":"LineString","coordinates":[[28.0323514,-26.1931524],[28.0323289,-26.1930448],[28.0323156,-26.1929634],[28.0321263,-26.1923419],[28.0320735,-26.1921282]]},"id":"way/26328050"},{"type":"Feature","properties":{"@id":"way/26328083","foot":"yes","highway":"footway","surface":"paving_stones"},"geometry":{"type":"LineString","coordinates":[[28.0325453,-26.1912465],[28.0322783,-26.191278],[28.0316653,-26.1913628],[28.0308807,-26.1914665],[28.0298509,-26.1915703],[28.0286809,-26.191632],[28.0283541,-26.1916498],[28.0281423,-26.1916799]]},"id":"way/26328083"},{"type":"Feature","properties":{"@id":"way/38382288","highway":"service"},"geometry":{"type":"LineString","coordinates":[[28.0204029,-26.1844107],[28.0204417,-26.184426],[28.020473,-26.184437],[28.0204924,-26.1844412],[28.0205213,-26.1844418],[28.0205601,-26.184434],[28.0205863,-26.1844207],[28.0206064,-26.1843979],[28.0206594,-26.1842811],[28.0207553,-26.1840729],[28.0207734,-26.1840374],[28.0208022,-26.1840031],[28.0208384,-26.1839754],[28.0208766,-26.1839556],[28.0209222,-26.1839375],[28.0209558,-26.1839303],[28.0210282,-26.1839291],[28.0213775,-26.1839598],[28.021977,-26.1840158],[28.022152,-26.1840332],[28.0221976,-26.1840386],[28.0222312,-26.184047],[28.0222754,-26.1840687],[28.0223291,-26.1841066],[28.0223498,-26.1841259],[28.0223693,-26.1841529],[28.0223861,-26.184186],[28.0224001,-26.1842288],[28.022429,-26.1844508],[28.0224829,-26.1848372],[28.0224887,-26.1848786],[28.0225232,-26.1851128],[28.0225517,-26.1853059],[28.0226509,-26.1859582],[28.022667,-26.1859894],[28.0227059,-26.1860268],[28.0227435,-26.1860617],[28.0227663,-26.1861062],[28.0227917,-26.1863072],[28.0228025,-26.1864913],[28.022832,-26.1867236],[28.0228427,-26.1867741],[28.022832,-26.1868042],[28.0228038,-26.1868198],[28.0221172,-26.1868908],[28.021967,-26.1869125],[28.0219281,-26.1869113],[28.0218731,-26.1868908],[28.0218194,-26.1868632],[28.0217779,-26.1868571],[28.0216813,-26.186874],[28.0216572,-26.1868547],[28.0216344,-26.1867536],[28.0216169,-26.1866574],[28.0215901,-26.1866417],[28.0215445,-26.1866345],[28.0210134,-26.1866983],[28.0209611,-26.1866826],[28.0208766,-26.1866177],[28.0207935,-26.1865214],[28.020764,-26.1864155],[28.0207331,-26.1862506]]},"id":"way/38382288"},{"type":"Feature","properties":{"@id":"way/42089594","highway":"service"},"geometry":{"type":"LineString","coordinates":[[28.0235893,-26.1921269],[28.0235792,-26.1920287],[28.0235186,-26.1917406],[28.0231082,-26.1888633],[28.0230801,-26.1887381],[28.022954,-26.1882507],[28.0229138,-26.1880835],[28.0228963,-26.1880004],[28.0228923,-26.1879246],[28.0229004,-26.1878584],[28.0229272,-26.1877778],[28.0229849,-26.1876743],[28.0230345,-26.1876261],[28.0230747,-26.1875973],[28.0231445,-26.187566],[28.0232102,-26.1875636],[28.0232906,-26.1875678]]},"id":"way/42089594"},{"type":"Feature","properties":{"@id":"way/42090181","highway":"service"},"geometry":{"type":"LineString","coordinates":[[28.0233517,-26.1873891],[28.0233335,-26.1874288],[28.0233074,-26.1874926],[28.0232906,-26.1875678],[28.023288,-26.1876376],[28.0232893,-26.1876971],[28.0232994,-26.1877573],[28.0233161,-26.1878199],[28.0233577,-26.1879354],[28.0235133,-26.1882796],[28.0235749,-26.1884144],[28.0236165,-26.1885083],[28.023646,-26.1885588],[28.0236675,-26.1885865],[28.0236863,-26.188613],[28.0237024,-26.1886455],[28.0237131,-26.1886816],[28.0237252,-26.1887526],[28.0238459,-26.1894463],[28.0238599,-26.1894939],[28.023876,-26.1895246],[28.0239015,-26.189548],[28.0239303,-26.1895577],[28.0239786,-26.1895679],[28.0240296,-26.1895673],[28.0247679,-26.189471],[28.0248014,-26.189471],[28.0248383,-26.1894824],[28.0248751,-26.1895005],[28.0248979,-26.1895222],[28.024914,-26.1895456],[28.0249248,-26.1895715],[28.0249604,-26.1898362],[28.0249896,-26.1900541],[28.0250797,-26.1907262],[28.0250904,-26.1907689],[28.0251065,-26.1908086],[28.025136,-26.1908573],[28.0252246,-26.1909573],[28.0253459,-26.1910884],[28.02536,-26.1910998],[28.0253807,-26.1911149],[28.0254382,-26.1911487]]},"id":"way/42090181"},{"type":"Feature","properties":{"@id":"way/63071741","highway":"service","surface":"asphalt"},"geometry":{"type":"LineString","coordinates":[[28.0265877,-26.1922413],[28.026584,-26.1922154],[28.026467,-26.1914067],[28.0264449,-26.1912412],[28.0264472,-26.1911685],[28.0264677,-26.1911444],[28.0265066,-26.1911263],[28.027114,-26.1910291],[28.0271919,-26.1910166],[28.0272636,-26.1909903],[28.0273542,-26.1909313],[28.0273897,-26.1908917],[28.0274299,-26.1908248],[28.027444,-26.1907647],[28.0274414,-26.1906973],[28.0274306,-26.1906443],[28.0274065,-26.1905733],[28.0273756,-26.1905084],[28.0273435,-26.1904145],[28.0273187,-26.190311],[28.0272442,-26.1899187],[28.0271839,-26.1896852],[28.0271383,-26.1894668],[28.0270806,-26.1891365],[28.0270082,-26.1886394],[28.0269598,-26.188297],[28.0269223,-26.1880317]]},"id":"way/63071741"},{"type":"Feature","properties":{"@id":"way/70799939","foot":"yes","highway":"footway","layer":"1","surface":"paving_stones"},"geometry":{"type":"LineString","coordinates":[[28.0281423,-26.1916799],[28.027545,-26.1917204]]},"id":"way/70799939"},{"type":"Feature","properties":{"@id":"way/164933965","highway":"service"},"geometry":{"type":"LineString","coordinates":[[28.0281736,-26.1887104],[28.0287489,-26.1886719],[28.0293605,-26.1885925],[28.0294947,-26.1885779],[28.0298483,-26.1885394],[28.0300964,-26.1885124],[28.0301343,-26.1885083],[28.0313319,-26.1883795],[28.0318023,-26.188333],[28.0318583,-26.1883241]]},"id":"way/164933965"},{"type":"Feature","properties":{"@id":"way/164933967","highway":"service","oneway":"no"},"geometry":{"type":"LineString","coordinates":[[28.0305044,-26.1866844],[28.0305567,-26.1866802],[28.0308813,-26.1866574],[28.0312501,-26.1866309],[28.0315398,-26.186608],[28.0316102,-26.1866056],[28.0316471,-26.186611],[28.0316672,-26.1866158],[28.0316846,-26.1866231],[28.0317215,-26.186655],[28.0317731,-26.1867187],[28.0318047,-26.1867609],[28.0318328,-26.1867939],[28.0318368,-26.1868337],[28.0318429,-26.1868752],[28.0318388,-26.1869751],[28.0318526,-26.1871267],[28.0318858,-26.1874926]]},"id":"way/164933967"},{"type":"Feature","properties":{"@id":"way/172349486","highway":"service"},"geometry":{"type":"LineString","coordinates":[[28.0254015,-26.1854611],[28.0253673,-26.1854756],[28.0253405,-26.1854973],[28.0253412,-26.1855454],[28.0253479,-26.1856212],[28.0254525,-26.1863685],[28.0254947,-26.1865719],[28.0255165,-26.1867322]]},"id":"way/172349486"},{"type":"Feature","properties":{"@id":"way/174632188","highway":"service","name":"Wits West Campus Internal Road","surface":"asphalt"},"geometry":{"type":"LineString","coordinates":[[28.0269223,-26.1880317],[28.0272724,-26.1880269],[28.0276331,-26.1879932],[28.0278673,-26.1879605],[28.0279434,-26.1879534]]},"id":"way/174632188"},{"type":"Feature","properties":{"@id":"way/174632189","highway":"service"},"geometry":{"type":"LineString","coordinates":[[28.0269223,-26.1880317],[28.0268586,-26.1875629],[28.0267835,-26.1870441],[28.0267326,-26.1866826],[28.0266877,-26.1863734],[28.0266689,-26.1862807],[28.0266514,-26.1862542],[28.0266313,-26.1862374],[28.0266072,-26.1862289],[28.0265803,-26.1862259],[28.026461,-26.1862374],[28.0264458,-26.1861227],[28.0264127,-26.1858739],[28.0263993,-26.1858053],[28.0263765,-26.1857704],[28.0263497,-26.1857463],[28.0261653,-26.1856693],[28.025647,-26.1854732],[28.0255745,-26.1854515],[28.0255075,-26.1854443],[28.0254565,-26.1854479],[28.0254015,-26.1854611]]},"id":"way/174632189"},{"type":"Feature","properties":{"@id":"way/174632190","highway":"service","oneway":"yes","surface":"asphalt"},"geometry":{"type":"LineString","coordinates":[[28.0288192,-26.189331],[28.0288872,-26.1893268],[28.0290668,-26.1893182],[28.0292457,-26.1893362]]},"id":"way/174632190"},{"type":"Feature","properties":{"@id":"way/174632191","highway":"service","oneway":"yes","surface":"asphalt"},"geometry":{"type":"LineString","coordinates":[[28.0282439,-26.189373],[28.0283231,-26.1893806],[28.0288192,-26.189331]]},"id":"way/174632191"},{"type":"Feature","properties":{"@id":"way/174632192","highway":"service","oneway":"yes"},"geometry":{"type":"LineString","coordinates":[[28.0266505,-26.1930852],[28.0266634,-26.1929713],[28.0265984,-26.1925725],[28.0265675,-26.1923919],[28.0265877,-26.1922413]]},"id":"way/174632192"},{"type":"Feature","properties":{"@id":"way/174632193","highway":"service"},"geometry":{"type":"LineString","coordinates":[[28.0269223,-26.1880317],[28.0267467,-26.1880197],[28.0265897,-26.1879763],[28.0264365,-26.1879067],[28.0263939,-26.1878873],[28.0262223,-26.1877706],[28.0258028,-26.1874826],[28.0257783,-26.1874264],[28.0257381,-26.1873325],[28.0256979,-26.1872663],[28.0255859,-26.1871794]]},"id":"way/174632193"},{"type":"Feature","properties":{"@id":"way/281092295","highway":"service","layer":"-1","name":"Station Street","tunnel":"yes"},"geometry":{"type":"LineString","coordinates":[[28.0320735,-26.1921282],[28.0318912,-26.1913223]]},"id":"way/281092295"},{"type":"Feature","properties":{"@id":"way/353522987","highway":"service"},"geometry":{"type":"LineString","coordinates":[[28.0254947,-26.1865719],[28.0251346,-26.1866176],[28.024397,-26.1867175],[28.0242388,-26.186735],[28.0241127,-26.1867627],[28.0240296,-26.1867964],[28.0239438,-26.1868463],[28.0238459,-26.1869173],[28.0237513,-26.1869946],[28.0236051,-26.1871141],[28.023475,-26.1872344],[28.023416,-26.187297],[28.0233771,-26.1873469],[28.0233517,-26.1873891]]},"id":"way/353522987"},{"type":"Feature","properties":{"@id":"way/354391068","highway":"service"},"geometry":{"type":"LineString","coordinates":[[28.0254525,-26.1863685],[28.026461,-26.1862374]]},"id":"way/354391068"},{"type":"Feature","properties":{"@id":"way/596638445","fixme":"Doesn't this connect to M1?","highway":"residential","name":"Yale Road","oneway":"yes","sidewalk":"both","surface":"asphalt"},"geometry":{"type":"LineString","coordinates":[[28.0280767,-26.1889667],[28.0281253,-26.1892298],[28.0281431,-26.1892768],[28.0281821,-26.1893382]]},"id":"way/596638445"},{"type":"Feature","properties":{"@id":"way/596638446","fixme":"Doesn't this connect to M1?","highway":"residential","name":"Yale Road","oneway":"yes","sidewalk":"both","surface":"asphalt"},"geometry":{"type":"LineString","coordinates":[[28.0281481,-26.1898143],[28.028102,-26.1895264]]},"id":"way/596638446"},{"type":"Feature","properties":{"@id":"way/596638447","fixme":"Doesn't this connect to M1?","highway":"residential","name":"Yale Road","oneway":"yes","sidewalk":"both","surface":"asphalt"},"geometry":{"type":"LineString","coordinates":[[28.0280944,-26.1893518],[28.0280366,-26.1889743]]},"id":"way/596638447"},{"type":"Feature","properties":{"@id":"way/596638451","fixme":"Doesn't this connect to M1?","highway":"residential","name":"Yale Road","oneway":"yes","sidewalk":"both","surface":"asphalt"},"geometry":{"type":"LineString","coordinates":[[28.0281969,-26.1895318],[28.0281481,-26.1898143]]},"id":"way/596638451"},{"type":"Feature","properties":{"@id":"way/596638455","highway":"residential","junction":"roundabout","sidewalk":"both","surface":"asphalt"},"geometry":{"type":"LineString","coordinates":[[28.0280944,-26.1893518],[28.0281219,-26.1893402],[28.0281519,-26.1893355],[28.0281821,-26.1893382],[28.0282162,-26.189351],[28.0282439,-26.189373],[28.0282612,-26.1893994],[28.0282689,-26.1894292],[28.0282664,-26.1894598],[28.0282525,-26.1894902],[28.0282285,-26.1895151],[28.0281969,-26.1895318],[28.0281651,-26.1895384],[28.0281326,-26.1895365],[28.028102,-26.1895264],[28.0280665,-26.1894994],[28.0280462,-26.1894619],[28.0280443,-26.1894201],[28.0280614,-26.1893813],[28.0280944,-26.1893518]]},"id":"way/596638455"},{"type":"Feature","properties":{"@id":"way/596638456","fixme":"Doesn't this connect to M1?","highway":"residential","name":"Yale Road","surface":"asphalt"},"geometry":{"type":"LineString","coordinates":[[28.0285485,-26.1924432],[28.0284637,-26.1920972],[28.0283541,-26.1916498],[28.0282646,-26.1912152],[28.0282461,-26.1910879],[28.0282411,-26.190771],[28.0282224,-26.190594],[28.0281795,-26.1902174],[28.0281613,-26.1900314],[28.0281481,-26.1898143]]},"id":"way/596638456"},{"type":"Feature","properties":{"@id":"way/596638457","highway":"service","surface":"asphalt"},"geometry":{"type":"LineString","coordinates":[[28.0287489,-26.1886719],[28.0288093,-26.1891729],[28.0288192,-26.189331]]},"id":"way/596638457"},{"type":"Feature","properties":{"@id":"way/596638458","highway":"service","oneway":"yes","surface":"asphalt"},"geometry":{"type":"LineString","coordinates":[[28.0288287,-26.1893983],[28.0288192,-26.189331]]},"id":"way/596638458"},{"type":"Feature","properties":{"@id":"way/596638459","highway":"service","oneway":"yes","surface":"asphalt"},"geometry":{"type":"LineString","coordinates":[[28.0292457,-26.1893362],[28.0290779,-26.189372],[28.0288972,-26.1893911],[28.0288287,-26.1893983],[28.0283201,-26.189461],[28.0282664,-26.1894598]]},"id":"way/596638459"},{"type":"Feature","properties":{"@id":"way/596642237","highway":"service"},"geometry":{"type":"LineString","coordinates":[[28.0254382,-26.1911487],[28.0255061,-26.1914362],[28.0255182,-26.1914831],[28.0255236,-26.1915409],[28.0254998,-26.1919205]]},"id":"way/596642237"},{"type":"Feature","properties":{"@id":"way/596642238","highway":"service"},"geometry":{"type":"LineString","coordinates":[[28.0264472,-26.1911685],[28.0263269,-26.1911221],[28.026284,-26.1911065],[28.0262256,-26.191095],[28.0261204,-26.1910908],[28.025655,-26.1911624],[28.0255792,-26.1911642],[28.0255283,-26.1911636],[28.0254382,-26.1911487]]},"id":"way/596642238"},{"type":"Feature","properties":{"@id":"way/596642239","access":"private","highway":"service"},"geometry":{"type":"LineString","coordinates":[[28.0223513,-26.193584],[28.0233322,-26.1923111],[28.0234087,-26.1922088],[28.0234744,-26.1921679],[28.0235893,-26.1921269],[28.0238438,-26.1920994],[28.0249239,-26.1919827],[28.0254998,-26.1919205]]},"id":"way/596642239"},{"type":"Feature","properties":{"@id":"way/596642240","highway":"service"},"geometry":{"type":"LineString","coordinates":[[28.0235186,-26.1917406],[28.022771,-26.1918375],[28.0227106,-26.1918375],[28.0226717,-26.1918351],[28.0226053,-26.1918249],[28.0225617,-26.1918183],[28.0224907,-26.1918141],[28.022429,-26.1918147],[28.0223491,-26.1918234],[28.0219848,-26.191863],[28.0214721,-26.1919188]]},"id":"way/596642240"},{"type":"Feature","properties":{"@id":"way/596642245","fixme":"Doesn't this connect to M1?","highway":"residential","name":"Yale Road","oneway":"yes","surface":"asphalt"},"geometry":{"type":"LineString","coordinates":[[28.0285485,-26.1924432],[28.028592,-26.1925493],[28.0286336,-26.1926637],[28.0287018,-26.1928443],[28.028907,-26.1933879],[28.028952,-26.1935031]]},"id":"way/596642245"},{"type":"Feature","properties":{"@id":"way/596642246","fixme":"Doesn't this connect to M1?","highway":"residential","name":"Yale Road","oneway":"yes","surface":"asphalt"},"geometry":{"type":"LineString","coordinates":[[28.0288068,-26.1934769],[28.0287873,-26.1933594],[28.028758,-26.1932856],[28.0285989,-26.1928742],[28.0285407,-26.1926884],[28.028528,-26.192605],[28.0285303,-26.1925421],[28.0285485,-26.1924432]]},"id":"way/596642246"},{"type":"Feature","properties":{"@id":"way/596644825","highway":"path","oneway":"yes"},"geometry":{"type":"LineString","coordinates":[[28.0260309,-26.1931423],[28.0260808,-26.1930786],[28.0261214,-26.1930604],[28.0265303,-26.1930195],[28.0265911,-26.1930028],[28.0266634,-26.1929713]]},"id":"way/596644825"},{"type":"Feature","properties":{"@id":"way/596644826","highway":"service","oneway":"yes"},"geometry":{"type":"LineString","coordinates":[[28.0265877,-26.1922413],[28.0266414,-26.192378],[28.0266701,-26.1925853],[28.0267303,-26.1929658],[28.0267476,-26.193075]]},"id":"way/596644826"},{"type":"Feature","properties":{"@id":"way/596649994","fixme":"Doesn't this connect to M1?","highway":"residential","name":"Yale Road","oneway":"yes","sidewalk":"both","surface":"asphalt"},"geometry":{"type":"LineString","coordinates":[[28.0279443,-26.1883554],[28.0279183,-26.1882225],[28.0278673,-26.1879605],[28.0278029,-26.1875209],[28.0277908,-26.1872027],[28.0277977,-26.1869031],[28.0278072,-26.1867728],[28.0278005,-26.1866731]]},"id":"way/596649994"},{"type":"Feature","properties":{"@id":"way/596649997","highway":"residential","name":"Yale Road","oneway":"yes","surface":"asphalt"},"geometry":{"type":"LineString","coordinates":[[28.0275822,-26.1855562],[28.0275755,-26.1856416],[28.0275701,-26.1857548],[28.0275808,-26.1858294],[28.0275942,-26.1858956],[28.0276197,-26.1859726],[28.0276693,-26.1860761],[28.0277847,-26.1863553],[28.0278477,-26.1865154],[28.0278772,-26.1866634]]},"id":"way/596649997"},{"type":"Feature","properties":{"@id":"way/596650001","fixme":"Doesn't this connect to M1?","highway":"residential","name":"Yale Road","oneway":"yes","surface":"asphalt"},"geometry":{"type":"LineString","coordinates":[[28.0280366,-26.1889743],[28.0279717,-26.1885396],[28.0279443,-26.1883554]]},"id":"way/596650001"},{"type":"Feature","properties":{"@id":"way/617239665","button_operated":"yes","crossing":"traffic_signals","crossing:island":"yes","crossing:markings":"zebra","footway":"crossing","highway":"footway","surface":"asphalt","traffic_signals:sound":"no","traffic_signals:vibration":"no"},"geometry":{"type":"LineString","coordinates":[[28.0294978,-26.1857401],[28.029506,-26.1856904],[28.0295421,-26.1855703],[28.029558,-26.1855211],[28.0295722,-26.1854629]]},"id":"way/617239665"},{"type":"Feature","properties":{"@id":"way/669493089","highway":"service","service":"parking_aisle"},"geometry":{"type":"LineString","coordinates":[[28.0265675,-26.1923919],[28.0263913,-26.1924047],[28.0261963,-26.1924188],[28.0258233,-26.192456]]},"id":"way/669493089"},{"type":"Feature","properties":{"@id":"way/669493090","highway":"service","service":"parking_aisle","surface":"asphalt"},"geometry":{"type":"LineString","coordinates":[[28.0268357,-26.1924737],[28.0270967,-26.1924452],[28.0272898,-26.1924218],[28.0275165,-26.1923953]]},"id":"way/669493090"},{"type":"Feature","properties":{"@id":"way/669493091","highway":"service","service":"parking_aisle"},"geometry":{"type":"LineString","coordinates":[[28.0268357,-26.1924737],[28.0268248,-26.1924753],[28.0268181,-26.1924774],[28.0268114,-26.1924795],[28.0268038,-26.1924848],[28.026799,-26.1924934],[28.0267946,-26.1925078],[28.0267939,-26.1925186],[28.0267905,-26.1926147],[28.0267818,-26.1927569],[28.0267822,-26.1928505],[28.0267866,-26.1928646],[28.0267949,-26.1928767],[28.0268097,-26.1928815],[28.0268251,-26.1928851],[28.0268429,-26.1928836],[28.027149,-26.1928653],[28.0274543,-26.1928211],[28.0274688,-26.1928177],[28.0274802,-26.1928032],[28.0274863,-26.1927924],[28.0274903,-26.1927641],[28.0274913,-26.1926772],[28.027499,-26.1925349],[28.0275165,-26.1923953],[28.0275205,-26.1922569],[28.0275252,-26.1921191],[28.0275252,-26.1920427],[28.0275245,-26.1920337],[28.0275165,-26.1920156],[28.0275051,-26.1920042],[28.0274903,-26.1919988],[28.0274716,-26.192001],[28.0273785,-26.1920127],[28.0267166,-26.1920927]]},"id":"way/669493091"},{"type":"Feature","properties":{"@id":"way/669493092","highway":"service","service":"parking_aisle","surface":"asphalt"},"geometry":{"type":"LineString","coordinates":[[28.0275252,-26.1921191],[28.0272313,-26.1921561],[28.0269808,-26.1921827],[28.0266915,-26.1922065],[28.026584,-26.1922154]]},"id":"way/669493092"},{"type":"Feature","properties":{"@id":"way/669493093","highway":"service","service":"parking_aisle"},"geometry":{"type":"LineString","coordinates":[[28.027499,-26.1925349],[28.0272593,-26.1925659],[28.0270668,-26.1925844],[28.0267905,-26.1926147]]},"id":"way/669493093"},{"type":"Feature","properties":{"@id":"way/669493094","highway":"service","service":"parking_aisle"},"geometry":{"type":"LineString","coordinates":[[28.0274913,-26.1926772],[28.0272087,-26.19271],[28.0269921,-26.1927371],[28.0267818,-26.1927569]]},"id":"way/669493094"},{"type":"Feature","properties":{"@id":"way/669493095","highway":"service","service":"parking_aisle"},"geometry":{"type":"LineString","coordinates":[[28.0264565,-26.1925144],[28.0262134,-26.1925359],[28.0258599,-26.1925901]]},"id":"way/669493095"},{"type":"Feature","properties":{"@id":"way/669493096","highway":"path"},"geometry":{"type":"LineString","coordinates":[[28.0265362,-26.1929144],[28.0262723,-26.1929378],[28.0261368,-26.1929528],[28.0261271,-26.1929537],[28.0261187,-26.1929522],[28.0261093,-26.1929492],[28.0260986,-26.1929422],[28.0260239,-26.1928366],[28.0259391,-26.1927087],[28.0258599,-26.1925901],[28.0258092,-26.1924928],[28.0258052,-26.1924862],[28.0258032,-26.192478],[28.0258069,-26.1924702],[28.0258136,-26.1924627],[28.0258233,-26.192456]]},"id":"way/669493096"},{"type":"Feature","properties":{"@id":"way/669493097","highway":"service","service":"parking_aisle"},"geometry":{"type":"LineString","coordinates":[[28.0259391,-26.1927087],[28.0262337,-26.1926746],[28.026466,-26.192654]]},"id":"way/669493097"},{"type":"Feature","properties":{"@id":"way/669493098","highway":"service","service":"parking_aisle"},"geometry":{"type":"LineString","coordinates":[[28.0261963,-26.1924188],[28.0262134,-26.1925359],[28.0262337,-26.1926746],[28.0262532,-26.192808],[28.0262723,-26.1929378]]},"id":"way/669493098"},{"type":"Feature","properties":{"@id":"way/669493099","highway":"service","service":"parking_aisle"},"geometry":{"type":"LineString","coordinates":[[28.0260239,-26.1928366],[28.0262532,-26.192808],[28.0265059,-26.192785]]},"id":"way/669493099"},{"type":"Feature","properties":{"@id":"way/669676574","highway":"cycleway","name":"Cycle Lane","network":"rcn"},"geometry":{"type":"LineString","coordinates":[[28.0470332,-26.1938925],[28.0470199,-26.1938233],[28.0460494,-26.1939345],[28.0459228,-26.1939483],[28.0441318,-26.1941751],[28.0439347,-26.1941974],[28.0432847,-26.1942711],[28.0427757,-26.1943333],[28.0419298,-26.1944127],[28.0416934,-26.194437],[28.0408008,-26.1945287],[28.0407488,-26.1945346],[28.0406975,-26.1945403],[28.0406381,-26.1945481],[28.0406016,-26.194556],[28.0404078,-26.1945849],[28.0403265,-26.1945985],[28.0391673,-26.1947364],[28.0391177,-26.1947347],[28.0390448,-26.1947308],[28.0389622,-26.1947364],[28.0388872,-26.1947449],[28.0388348,-26.1947494],[28.0381927,-26.1948264],[28.0381337,-26.1948342],[28.0380733,-26.1948428],[28.0373849,-26.194926],[28.0372988,-26.194936],[28.0372174,-26.1949431],[28.0361317,-26.1950638],[28.0359928,-26.1950828],[28.0353109,-26.1951422],[28.0350443,-26.1951654],[28.0349461,-26.1944816],[28.0349293,-26.1944],[28.0348318,-26.1937482],[28.0348192,-26.1936674],[28.0347191,-26.1929588],[28.0347067,-26.192887],[28.0346896,-26.1928023],[28.0346384,-26.1928092],[28.0345881,-26.1928406],[28.0345626,-26.1928556],[28.0345358,-26.1928652],[28.0345009,-26.1928718],[28.0335937,-26.1929735],[28.0335648,-26.1929753],[28.0335481,-26.1929717],[28.0335293,-26.1929597],[28.0335105,-26.192944],[28.0334816,-26.1929365],[28.0333388,-26.1929436],[28.0332708,-26.192959],[28.0331786,-26.1929723],[28.0325771,-26.1930445],[28.0324104,-26.1930393],[28.0323289,-26.1930448],[28.0314352,-26.1931348],[28.0297175,-26.1933318],[28.0293415,-26.1933957],[28.0291463,-26.1934413],[28.0289919,-26.1934121],[28.028907,-26.1933879],[28.0287873,-26.1933594],[28.0287368,-26.1933464],[28.0287175,-26.1933417],[28.0284247,-26.1932698],[28.0279247,-26.1930692],[28.0278166,-26.1930308],[28.0277194,-26.1929962],[28.0276362,-26.1929691],[28.0275568,-26.1929433],[28.0274277,-26.1929141],[28.0267701,-26.1929625],[28.0267303,-26.1929658],[28.0266634,-26.1929713],[28.0264723,-26.1929871],[28.0261155,-26.1930518],[28.0260808,-26.1930786]]},"id":"way/669676574"},{"type":"Feature","properties":{"@id":"way/712142903","highway":"residential","lanes":"2","name":"Station Street","surface":"asphalt"},"geometry":{"type":"LineString","coordinates":[[28.0315357,-26.1924013],[28.031578,-26.1924079],[28.0316296,-26.1924061],[28.0321263,-26.1923419],[28.033096,-26.1922575],[28.0332505,-26.1922403]]},"id":"way/712142903"},{"type":"Feature","properties":{"@id":"way/756604520","fixme":"Doesn't this connect to M1?","highway":"residential","name":"Yale Road","oneway":"yes","surface":"asphalt"},"geometry":{"type":"LineString","coordinates":[[28.0278005,-26.1866731],[28.0277887,-26.1865647],[28.0277485,-26.1864456],[28.027672,-26.1862578],[28.0276023,-26.186117],[28.0275567,-26.1860111],[28.0275366,-26.1859257],[28.0275178,-26.1858065],[28.0275044,-26.1856585],[28.0274963,-26.1855634]]},"id":"way/756604520"},{"type":"Feature","properties":{"@id":"way/756639763","highway":"service"},"geometry":{"type":"LineString","coordinates":[[28.0305044,-26.1866844],[28.0304381,-26.1867115]]},"id":"way/756639763"},{"type":"Feature","properties":{"@id":"way/756639764","highway":"service","oneway":"yes"},"geometry":{"type":"LineString","coordinates":[[28.0305044,-26.1866844],[28.0304957,-26.1865912],[28.0304883,-26.1865466],[28.0304796,-26.1865256],[28.0304702,-26.1865124],[28.0304421,-26.1864738],[28.0304246,-26.1864413],[28.0304153,-26.1864179],[28.0303978,-26.1863029],[28.0303965,-26.1862037],[28.0304018,-26.1861664],[28.0304173,-26.1861206],[28.0304387,-26.1860719],[28.0304783,-26.1859937],[28.0304838,-26.1859834]]},"id":"way/756639764"},{"type":"Feature","properties":{"@id":"way/756639765","highway":"service","oneway":"yes"},"geometry":{"type":"LineString","coordinates":[[28.0305485,-26.1860083],[28.0305401,-26.1860247],[28.0304964,-26.1861369],[28.030489,-26.1861922],[28.0304924,-26.1863023],[28.0305024,-26.1863824],[28.0305178,-26.1864371],[28.0305306,-26.1864726],[28.030538,-26.1865087],[28.0305467,-26.1865936],[28.0305567,-26.1866802]]},"id":"way/756639765"},{"type":"Feature","properties":{"@id":"way/756920576","highway":"residential"},"geometry":{"type":"LineString","coordinates":[[28.0279717,-26.1885396],[28.0280131,-26.1885345]]},"id":"way/756920576"},{"type":"Feature","properties":{"@id":"way/756920577","fixme":"Doesn't this connect to M1?","highway":"residential","name":"Yale Road","oneway":"yes","surface":"asphalt"},"geometry":{"type":"LineString","coordinates":[[28.0279858,-26.1883494],[28.0280131,-26.1885345],[28.0280767,-26.1889667]]},"id":"way/756920577"},{"type":"Feature","properties":{"@id":"way/756920579","highway":"service"},"geometry":{"type":"LineString","coordinates":[[28.0305849,-26.1894734],[28.0302349,-26.1892985],[28.0301285,-26.1892642],[28.0300259,-26.1892654],[28.0292457,-26.1893362]]},"id":"way/756920579"},{"type":"Feature","properties":{"@id":"way/756920580","covered":"yes","highway":"service"},"geometry":{"type":"LineString","coordinates":[[28.0308515,-26.1896052],[28.0305849,-26.1894734]]},"id":"way/756920580"},{"type":"Feature","properties":{"@id":"way/768118027","highway":"secondary_link","oneway":"yes","surface":"asphalt"},"geometry":{"type":"LineString","coordinates":[[28.0285931,-26.1934092],[28.0286872,-26.1933706],[28.0287175,-26.1933417],[28.0287275,-26.1933321],[28.0287483,-26.1933015],[28.028758,-26.1932856]]},"id":"way/768118027"},{"type":"Feature","properties":{"@id":"way/768257576","highway":"service"},"geometry":{"type":"LineString","coordinates":[[28.0285485,-26.1924432],[28.0286752,-26.1923688],[28.0287433,-26.1923365],[28.0288002,-26.1923201],[28.0288436,-26.1923136],[28.0289682,-26.1923023],[28.0289928,-26.1922871],[28.0290183,-26.1922693],[28.029039,-26.1922469],[28.0290538,-26.1922211],[28.0290649,-26.1921942],[28.0290646,-26.1921641],[28.0290479,-26.1921307],[28.0290198,-26.192086],[28.0288629,-26.1918766],[28.0287682,-26.1917511],[28.0286809,-26.191632],[28.0286068,-26.1915325],[28.0285853,-26.191494],[28.0285732,-26.1914651],[28.0285437,-26.1911883],[28.0285384,-26.1911606],[28.0285612,-26.1911125],[28.028588,-26.1910872],[28.0286296,-26.1910655],[28.0287074,-26.1910535],[28.0290051,-26.191003],[28.0290373,-26.1909813],[28.029056,-26.1909572],[28.0290748,-26.1909103],[28.0290775,-26.1908435],[28.0290641,-26.1906407]]},"id":"way/768257576"},{"type":"Feature","properties":{"@id":"way/768257577","highway":"residential","name":"Station Street"},"geometry":{"type":"LineString","coordinates":[[28.0316055,-26.1918622],[28.0309738,-26.1919224],[28.0309222,-26.1919302],[28.0309034,-26.1919428],[28.0308954,-26.1919585],[28.0308927,-26.1919717],[28.0308927,-26.1919958],[28.0309403,-26.1923345],[28.0309571,-26.1923544],[28.0309866,-26.192367],[28.0310281,-26.1923682],[28.0310536,-26.192367],[28.0313534,-26.1923568],[28.0313949,-26.1923628],[28.0314432,-26.1923797],[28.0314834,-26.1923941],[28.0315357,-26.1924013]]},"id":"way/768257577"},{"type":"Feature","properties":{"@id":"way/768262036","highway":"service","oneway":"yes","service":"parking_aisle","surface":"asphalt"},"geometry":{"type":"LineString","coordinates":[[28.0266414,-26.192378],[28.0265675,-26.1923919]]},"id":"way/768262036"},{"type":"Feature","properties":{"@id":"way/768262037","highway":"service","oneway":"yes","service":"parking_aisle"},"geometry":{"type":"LineString","coordinates":[[28.0275205,-26.1922569],[28.0272808,-26.1922942],[28.0270638,-26.1923201],[28.0267215,-26.1923493],[28.0266414,-26.192378]]},"id":"way/768262037"},{"type":"Feature","properties":{"@id":"way/774670637","highway":"service","service":"parking_aisle"},"geometry":{"type":"LineString","coordinates":[[28.0317748,-26.1864931],[28.0320682,-26.186738],[28.0322774,-26.1868523]]},"id":"way/774670637"},{"type":"Feature","properties":{"@id":"way/774670638","highway":"service"},"geometry":{"type":"LineString","coordinates":[[28.0316149,-26.1865479],[28.0316618,-26.1865852],[28.0317252,-26.1864907],[28.0317362,-26.1864862],[28.0317463,-26.1864844],[28.0317604,-26.1864856],[28.0317748,-26.1864931]]},"id":"way/774670638"},{"type":"Feature","properties":{"@id":"way/774670639","highway":"service","service":"parking_aisle"},"geometry":{"type":"LineString","coordinates":[[28.0325295,-26.187868],[28.0325138,-26.1877376],[28.032482,-26.1875673],[28.0324611,-26.1874252]]},"id":"way/774670639"},{"type":"Feature","properties":{"@id":"way/774670640","highway":"service","service":"parking_aisle"},"geometry":{"type":"LineString","coordinates":[[28.0324336,-26.1874354],[28.0320165,-26.1874796],[28.0320071,-26.1874832],[28.0320018,-26.1874877],[28.0319984,-26.1874956],[28.0319944,-26.1875055],[28.0320035,-26.1876346],[28.0320238,-26.187806],[28.0320434,-26.1879306],[28.0320534,-26.1879457],[28.0320688,-26.1879505],[28.0320849,-26.1879523],[28.032498,-26.1878987],[28.0325154,-26.1878915],[28.0325241,-26.1878837],[28.0325295,-26.187868]]},"id":"way/774670640"},{"type":"Feature","properties":{"@id":"way/774670641","highway":"service"},"geometry":{"type":"LineString","coordinates":[[28.0324651,-26.1872344],[28.0325261,-26.187226]]},"id":"way/774670641"},{"type":"Feature","properties":{"@id":"way/774670642","highway":"service","service":"parking_aisle"},"geometry":{"type":"LineString","coordinates":[[28.0322559,-26.1872543],[28.0319548,-26.1872844]]},"id":"way/774670642"},{"type":"Feature","properties":{"@id":"way/774670643","highway":"service"},"geometry":{"type":"LineString","coordinates":[[28.0318526,-26.1871267],[28.0318992,-26.1871255]]},"id":"way/774670643"},{"type":"Feature","properties":{"@id":"way/774670644","highway":"service","service":"parking_aisle"},"geometry":{"type":"LineString","coordinates":[[28.0313359,-26.186324],[28.0316149,-26.1865479]]},"id":"way/774670644"},{"type":"Feature","properties":{"@id":"way/774670645","highway":"service","service":"parking_aisle"},"geometry":{"type":"LineString","coordinates":[[28.0322559,-26.1872543],[28.0324651,-26.1872344]]},"id":"way/774670645"},{"type":"Feature","properties":{"@id":"way/774670646","highway":"service","service":"parking_aisle"},"geometry":{"type":"LineString","coordinates":[[28.0318992,-26.1871255],[28.032213,-26.187109],[28.0322241,-26.1871132],[28.0322314,-26.1871195],[28.0322385,-26.1871294],[28.0322559,-26.1872543]]},"id":"way/774670646"},{"type":"Feature","properties":{"@id":"way/774670647","highway":"service"},"geometry":{"type":"LineString","coordinates":[[28.0316471,-26.186611],[28.0316618,-26.1865852]]},"id":"way/774670647"},{"type":"Feature","properties":{"@id":"way/774670648","highway":"service","service":"parking_aisle"},"geometry":{"type":"LineString","coordinates":[[28.0320238,-26.187806],[28.0325138,-26.1877376]]},"id":"way/774670648"},{"type":"Feature","properties":{"@id":"way/774670649","highway":"service","service":"parking_aisle"},"geometry":{"type":"LineString","coordinates":[[28.032482,-26.1875673],[28.0320035,-26.1876346]]},"id":"way/774670649"},{"type":"Feature","properties":{"@id":"way/774670650","highway":"service"},"geometry":{"type":"LineString","coordinates":[[28.0322774,-26.1868523],[28.0323655,-26.1869464],[28.0324611,-26.1870485],[28.0325261,-26.187226],[28.0325349,-26.1873481],[28.0325295,-26.1873638],[28.0325154,-26.1873794],[28.0324611,-26.1874252],[28.0324336,-26.1874354]]},"id":"way/774670650"},{"type":"Feature","properties":{"@id":"way/936551738","access":"private","highway":"service"},"geometry":{"type":"LineString","coordinates":[[28.0233322,-26.1923111],[28.0234703,-26.1923977],[28.0234945,-26.1924146],[28.0235025,-26.1924434],[28.0234918,-26.1924868],[28.0234355,-26.1926095],[28.0234247,-26.1926432],[28.0234221,-26.1926865],[28.0234274,-26.1927298],[28.0236044,-26.193228]]},"id":"way/936551738"},{"type":"Feature","properties":{"@id":"way/937014305","highway":"service"},"geometry":{"type":"LineString","coordinates":[[28.0199855,-26.1911227],[28.0202607,-26.1909994],[28.0202628,-26.1909936],[28.0202634,-26.1909876],[28.0202416,-26.1909515],[28.0202356,-26.1909458],[28.020185,-26.1909127],[28.0201531,-26.1909007],[28.0201303,-26.1908904],[28.0201015,-26.1908736],[28.0200666,-26.1908333],[28.0199727,-26.1907135]]},"id":"way/937014305"},{"type":"Feature","properties":{"@id":"way/937014316","highway":"service"},"geometry":{"type":"LineString","coordinates":[[28.0225232,-26.1851128],[28.0229607,-26.1850592]]},"id":"way/937014316"},{"type":"Feature","properties":{"@id":"way/937014317","highway":"service"},"geometry":{"type":"LineString","coordinates":[[28.0224829,-26.1848372],[28.0235186,-26.1846957],[28.0245298,-26.1845934],[28.0245902,-26.1845838],[28.0246371,-26.1845597]]},"id":"way/937014317"},{"type":"Feature","properties":{"@id":"way/937014691","highway":"service"},"geometry":{"type":"LineString","coordinates":[[28.0237513,-26.1869946],[28.0238163,-26.1870677],[28.0238378,-26.1870978],[28.0238821,-26.1872098],[28.0238968,-26.1872362],[28.0239169,-26.1872483],[28.0239411,-26.1872543],[28.0241664,-26.187229]]},"id":"way/937014691"},{"type":"Feature","properties":{"@id":"way/938291940","highway":"service","service":"parking_aisle"},"geometry":{"type":"LineString","coordinates":[[28.0259809,-26.1873217],[28.0260091,-26.187501]]},"id":"way/938291940"},{"type":"Feature","properties":{"@id":"way/938291941","highway":"service","service":"parking_aisle"},"geometry":{"type":"LineString","coordinates":[[28.0263465,-26.1876917],[28.02628,-26.1871797]]},"id":"way/938291941"},{"type":"Feature","properties":{"@id":"way/938291942","highway":"service","service":"parking_aisle"},"geometry":{"type":"LineString","coordinates":[[28.0262813,-26.187661],[28.0263465,-26.1876917],[28.0264784,-26.1877537],[28.0264972,-26.1877525],[28.0265066,-26.1877393],[28.0264543,-26.1874102],[28.0264154,-26.1871664]]},"id":"way/938291942"},{"type":"Feature","properties":{"@id":"way/938291943","highway":"service","service":"parking_aisle"},"geometry":{"type":"LineString","coordinates":[[28.0261701,-26.187599],[28.0261137,-26.1871893]]},"id":"way/938291943"},{"type":"Feature","properties":{"@id":"way/938291944","highway":"service","service":"parking_aisle"},"geometry":{"type":"LineString","coordinates":[[28.0262223,-26.1877706],[28.0262558,-26.1877092],[28.0262813,-26.187661],[28.0261701,-26.187599],[28.0261056,-26.1875636],[28.0260091,-26.187501],[28.0259246,-26.1874408],[28.0259044,-26.1874095],[28.0259071,-26.1873782],[28.0259299,-26.1873518],[28.0259809,-26.1873217],[28.0259876,-26.1872326],[28.0259983,-26.1872061],[28.0260265,-26.1871953],[28.0261137,-26.1871893],[28.02628,-26.1871797],[28.0264154,-26.1871664]]},"id":"way/938291944"},{"type":"Feature","properties":{"@id":"way/1018702563","highway":"service"},"geometry":{"type":"LineString","coordinates":[[28.0298483,-26.1885394],[28.0298787,-26.188733],[28.0299047,-26.1888738],[28.0299092,-26.1889035],[28.0299228,-26.1889929],[28.029913,-26.1890145],[28.0298949,-26.1890281],[28.0297885,-26.1890443],[28.0297222,-26.1890511]]},"id":"way/1018702563"},{"type":"Feature","properties":{"@id":"way/1018702564","highway":"service","oneway":"yes"},"geometry":{"type":"LineString","coordinates":[[28.0288872,-26.1893268],[28.0288972,-26.1893911],[28.0288928,-26.1894831],[28.0288917,-26.189514],[28.0288834,-26.1895675]]},"id":"way/1018702564"},{"type":"Feature","properties":{"@id":"way/1018702565","highway":"service","oneway":"yes"},"geometry":{"type":"LineString","coordinates":[[28.0288834,-26.1895675],[28.0288472,-26.1894876],[28.0288375,-26.1894432],[28.0288287,-26.1893983]]},"id":"way/1018702565"},{"type":"Feature","properties":{"@id":"way/1018702566","highway":"service"},"geometry":{"type":"LineString","coordinates":[[28.0310671,-26.1907306],[28.03144,-26.1906941],[28.0316913,-26.1906701],[28.0317802,-26.1906585]]},"id":"way/1018702566"},{"type":"Feature","properties":{"@id":"way/1018702567","highway":"service"},"geometry":{"type":"LineString","coordinates":[[28.0285011,-26.1890711],[28.028487,-26.1890096],[28.0284602,-26.1888327]]},"id":"way/1018702567"},{"type":"Feature","properties":{"@id":"way/1018702568","highway":"service","oneway":"yes"},"geometry":{"type":"LineString","coordinates":[[28.0286671,-26.1891259],[28.0286473,-26.18905],[28.0286098,-26.1889015],[28.0285911,-26.1888679],[28.0285582,-26.1888435],[28.0285076,-26.18883],[28.0284602,-26.1888327],[28.0283596,-26.1888385],[28.028249,-26.1888603],[28.0282255,-26.1888755],[28.0282171,-26.188899],[28.0282199,-26.1889385],[28.0282572,-26.1890418]]},"id":"way/1018702568"},{"type":"Feature","properties":{"@id":"way/1018702569","highway":"service"},"geometry":{"type":"LineString","coordinates":[[28.0288093,-26.1891729],[28.0286671,-26.1891259],[28.028607,-26.1891064],[28.0285011,-26.1890711],[28.0283418,-26.1890184],[28.0283015,-26.1890193],[28.0282658,-26.1890344],[28.0282572,-26.1890418],[28.0282443,-26.1890529],[28.0282321,-26.1890815],[28.0282368,-26.189121],[28.0282658,-26.1891765],[28.0283061,-26.1892396],[28.0283436,-26.1892598],[28.0283877,-26.1892632],[28.0286285,-26.1892581]]},"id":"way/1018702569"},{"type":"Feature","properties":{"@id":"way/1018702570","highway":"service"},"geometry":{"type":"LineString","coordinates":[[28.0283858,-26.1903102],[28.0283558,-26.1899885],[28.0283308,-26.1897569]]},"id":"way/1018702570"},{"type":"Feature","properties":{"@id":"way/1018702571","highway":"service"},"geometry":{"type":"LineString","coordinates":[[28.0288834,-26.1895675],[28.0288975,-26.1896836],[28.0289069,-26.1897354],[28.0289331,-26.1898468]]},"id":"way/1018702571"},{"type":"Feature","properties":{"@id":"way/1018702572","highway":"service"},"geometry":{"type":"LineString","coordinates":[[28.0283308,-26.1897569],[28.0285873,-26.1897253],[28.0287822,-26.1896979],[28.0288975,-26.1896836]]},"id":"way/1018702572"},{"type":"Feature","properties":{"@id":"way/1018702573","highway":"service","oneway":"yes"},"geometry":{"type":"LineString","coordinates":[[28.0283308,-26.1897569],[28.0283202,-26.18965],[28.0283202,-26.1896273],[28.0283258,-26.1896122],[28.0283521,-26.1895945],[28.0285124,-26.1895798],[28.0286721,-26.1895638],[28.0287002,-26.1895638],[28.0287204,-26.1895697],[28.0287358,-26.1895798],[28.028749,-26.1895937],[28.0287701,-26.1896307],[28.0287822,-26.1896979]]},"id":"way/1018702573"},{"type":"Feature","properties":{"@id":"way/1049740524","highway":"service"},"geometry":{"type":"LineString","coordinates":[[28.0279776,-26.1924665],[28.0279833,-26.1923564],[28.0279878,-26.1923414],[28.0279989,-26.1923295],[28.0280146,-26.192323],[28.0283011,-26.1922658]]},"id":"way/1049740524"},{"type":"Feature","properties":{"@id":"way/1049740525","highway":"service"},"geometry":{"type":"LineString","coordinates":[[28.0282657,-26.192137],[28.0283011,-26.1922658]]},"id":"way/1049740525"},{"type":"Feature","properties":{"@id":"way/1049740526","highway":"service"},"geometry":{"type":"LineString","coordinates":[[28.0280729,-26.1918574],[28.0281441,-26.1918465],[28.0281637,-26.1918479],[28.0281803,-26.1918575],[28.0281897,-26.191873],[28.0282657,-26.192137]]},"id":"way/1049740526"},{"type":"Feature","properties":{"@id":"way/1049740527","highway":"service"},"geometry":{"type":"LineString","coordinates":[[28.0282657,-26.192137],[28.0280327,-26.1921838],[28.0280137,-26.192182],[28.0279997,-26.1921704],[28.0279964,-26.1921535],[28.0280254,-26.1919771],[28.0280401,-26.1918876],[28.0280459,-26.1918736],[28.0280575,-26.191863],[28.0280729,-26.1918574]]},"id":"way/1049740527"},{"type":"Feature","properties":{"@id":"way/1049740528","highway":"service"},"geometry":{"type":"LineString","coordinates":[[28.0284637,-26.1920972],[28.0283418,-26.1921217],[28.0282657,-26.192137]]},"id":"way/1049740528"},{"type":"Feature","properties":{"@id":"way/1049740529","highway":"service"},"geometry":{"type":"LineString","coordinates":[[28.0283011,-26.1922658],[28.0283387,-26.1923987],[28.0283384,-26.1924174],[28.0283276,-26.1924335],[28.0283092,-26.1924425],[28.0280269,-26.1925031],[28.0280026,-26.1925015],[28.0279839,-26.1924876],[28.0279776,-26.1924665]]},"id":"way/1049740529"},{"type":"Feature","properties":{"@id":"way/1049740530","highway":"service"},"geometry":{"type":"LineString","coordinates":[[28.0290479,-26.1921307],[28.0296878,-26.1920529]]},"id":"way/1049740530"},{"type":"Feature","properties":{"@id":"way/1049740531","highway":"service"},"geometry":{"type":"LineString","coordinates":[[28.0289517,-26.1924472],[28.0293248,-26.1924072]]},"id":"way/1049740531"},{"type":"Feature","properties":{"@id":"way/1049740532","highway":"service"},"geometry":{"type":"LineString","coordinates":[[28.0289682,-26.1923023],[28.0289517,-26.1924472],[28.0289487,-26.19249],[28.0289488,-26.1925261],[28.0289514,-26.1925621],[28.0289821,-26.192817]]},"id":"way/1049740532"},{"type":"Feature","properties":{"@id":"way/1067082315","highway":"service"},"geometry":{"type":"LineString","coordinates":[[28.0313319,-26.1883795],[28.0313353,-26.1885052],[28.0313272,-26.1885486],[28.0313024,-26.1885853],[28.03127,-26.1886113],[28.0311576,-26.1887014],[28.0310915,-26.1887562],[28.0310452,-26.1888281],[28.0310348,-26.188844],[28.0310167,-26.1888537],[28.0309188,-26.1888753]]},"id":"way/1067082315"},{"type":"Feature","properties":{"@id":"way/1115809827","bridge":"yes","highway":"footway","layer":"1"},"geometry":{"type":"LineString","coordinates":[[28.0275759,-26.1919301],[28.0280254,-26.1919771]]},"id":"way/1115809827"},{"type":"Feature","properties":{"@id":"way/1115809829","highway":"motorway","lanes":"3","layer":"-1","maxheight:signed":"no","maxspeed":"100","oneway":"yes","ref":"M1","surface":"asphalt","tunnel":"yes"},"geometry":{"type":"LineString","coordinates":[[28.0277154,-26.1917991],[28.0277887,-26.191343]]},"id":"way/1115809829"},{"type":"Feature","properties":{"@id":"way/1115809831","highway":"motorway","lanes":"3","layer":"-1","maxheight:signed":"no","maxspeed":"80","oneway":"yes","ref":"M1","surface":"asphalt","tunnel":"yes"},"geometry":{"type":"LineString","coordinates":[[28.0279555,-26.1913187],[28.0278815,-26.1917772]]},"id":"way/1115809831"},{"type":"Feature","properties":{"@id":"way/1158669977","highway":"service"},"geometry":{"type":"LineString","coordinates":[[28.0214721,-26.1919188],[28.0213514,-26.1919524],[28.0210966,-26.192015],[28.020764,-26.192068]]},"id":"way/1158669977"},{"type":"Feature","properties":{"@id":"way/1320230330","highway":"service","service":"parking_aisle"},"geometry":{"type":"LineString","coordinates":[[28.0250642,-26.1854455],[28.0253305,-26.1854293]]},"id":"way/1320230330"},{"type":"Feature","properties":{"@id":"way/1320230331","highway":"service","service":"parking_aisle"},"geometry":{"type":"LineString","coordinates":[[28.0250502,-26.1853083],[28.0253188,-26.1852851]]},"id":"way/1320230331"},{"type":"Feature","properties":{"@id":"way/1320230332","highway":"service","service":"parking_aisle"},"geometry":{"type":"LineString","coordinates":[[28.0250334,-26.1851657],[28.0253204,-26.1851517]]},"id":"way/1320230332"},{"type":"Feature","properties":{"@id":"way/1320230333","highway":"service","service":"parking_aisle"},"geometry":{"type":"LineString","coordinates":[[28.0249871,-26.1849731],[28.0253443,-26.1850471]]},"id":"way/1320230333"},{"type":"Feature","properties":{"@id":"way/1320230334","highway":"service","service":"parking_aisle"},"geometry":{"type":"LineString","coordinates":[[28.0249804,-26.1847998],[28.0253945,-26.1849038]]},"id":"way/1320230334"},{"type":"Feature","properties":{"@id":"way/1320230335","highway":"service","service":"parking_aisle"},"geometry":{"type":"LineString","coordinates":[[28.0249147,-26.1846512],[28.0253432,-26.1847631],[28.0253841,-26.1848022],[28.0254233,-26.1848218]]},"id":"way/1320230335"},{"type":"Feature","properties":{"@id":"way/1320230336","highway":"service"},"geometry":{"type":"LineString","coordinates":[[28.0255609,-26.1846636],[28.0254317,-26.184804],[28.0254233,-26.1848218],[28.0253945,-26.1849038],[28.0253443,-26.1850471],[28.0253251,-26.1851019],[28.0253204,-26.1851517],[28.0253159,-26.1852008],[28.0253188,-26.1852851],[28.0253217,-26.1853703],[28.0253305,-26.1854293],[28.0253405,-26.1854973]]},"id":"way/1320230336"},{"type":"Feature","properties":{"@id":"way/1320341975","highway":"service"},"geometry":{"type":"LineString","coordinates":[[28.0215311,-26.1923736],[28.02157,-26.1922713],[28.0215687,-26.1921835],[28.0215392,-26.1920463],[28.0214721,-26.1919188]]},"id":"way/1320341975"},{"type":"Feature","properties":{"@id":"way/1320341976","highway":"service","service":"driveway"},"geometry":{"type":"LineString","coordinates":[[28.0210523,-26.1915866],[28.0211999,-26.1918032],[28.021338,-26.1918754],[28.0214037,-26.1918959],[28.0214721,-26.1919188]]},"id":"way/1320341976"},{"type":"Feature","properties":{"@id":"way/1321773426","highway":"service","oneway":"yes"},"geometry":{"type":"LineString","coordinates":[[28.0258464,-26.1890135],[28.0258114,-26.1890329],[28.0257959,-26.1890671],[28.0258012,-26.1890864],[28.0258057,-26.1891029],[28.0258372,-26.1891267],[28.0258782,-26.1891294],[28.0259131,-26.1891099],[28.0259272,-26.1890913],[28.0259307,-26.1890637],[28.0259188,-26.1890399],[28.0258874,-26.1890161],[28.0258464,-26.1890135]]},"id":"way/1321773426"},{"type":"Feature","properties":{"@id":"way/1321773427","highway":"service"},"geometry":{"type":"LineString","coordinates":[[28.0248624,-26.1891942],[28.0258012,-26.1890864]]},"id":"way/1321773427"},{"type":"Feature","properties":{"@id":"way/1321773428","highway":"service"},"geometry":{"type":"LineString","coordinates":[[28.0267835,-26.1870441],[28.0267312,-26.1870501]]},"id":"way/1321773428"},{"type":"Feature","properties":{"@id":"way/1321773429","highway":"service"},"geometry":{"type":"LineString","coordinates":[[28.0258028,-26.1874826],[28.0256214,-26.1874599]]},"id":"way/1321773429"},{"type":"Feature","properties":{"@id":"way/1321773430","highway":"service"},"geometry":{"type":"LineString","coordinates":[[28.0255165,-26.1867322],[28.0255859,-26.1871794],[28.0256048,-26.1873285],[28.0256214,-26.1874599],[28.0258464,-26.1890135]]},"id":"way/1321773430"},{"type":"Feature","properties":{"@id":"way/1321774179","highway":"service"},"geometry":{"type":"LineString","coordinates":[[28.0260339,-26.1877778],[28.0260384,-26.1879545]]},"id":"way/1321774179"},{"type":"Feature","properties":{"@id":"way/1321774180","highway":"service"},"geometry":{"type":"LineString","coordinates":[[28.0259307,-26.1890637],[28.0262592,-26.1890263]]},"id":"way/1321774180"},{"type":"Feature","properties":{"@id":"way/1321774181","highway":"service"},"geometry":{"type":"LineString","coordinates":[[28.0264365,-26.1879067],[28.0263919,-26.1879517],[28.026345,-26.1879667],[28.0262297,-26.1879854],[28.0260647,-26.1879643],[28.0260384,-26.1879545],[28.0259091,-26.1879065],[28.0258756,-26.1878698],[28.0258501,-26.1877056]]},"id":"way/1321774181"},{"type":"Feature","properties":{"@id":"way/1321774182","highway":"service"},"geometry":{"type":"LineString","coordinates":[[28.0243608,-26.1872531],[28.0243702,-26.1872958],[28.0243957,-26.1873355],[28.0245164,-26.1873903],[28.0247363,-26.1874769],[28.0249979,-26.1875407],[28.025195,-26.1875431],[28.025227,-26.1875326],[28.0253372,-26.1874962],[28.0254635,-26.187417],[28.0256048,-26.1873285]]},"id":"way/1321774182"},{"type":"Feature","properties":{"@id":"way/1321774353","highway":"service"},"geometry":{"type":"LineString","coordinates":[[28.0267312,-26.1870501],[28.0257291,-26.1871649]]},"id":"way/1321774353"},{"type":"Feature","properties":{"@id":"way/1321774354","highway":"service"},"geometry":{"type":"LineString","coordinates":[[28.0257291,-26.1871649],[28.0255859,-26.1871794]]},"id":"way/1321774354"},{"type":"Feature","properties":{"@id":"way/1322483093","highway":"service"},"geometry":{"type":"LineString","coordinates":[[28.0318328,-26.1867939],[28.0319186,-26.1868385],[28.032156,-26.1869245],[28.0323035,-26.1869546],[28.0323655,-26.1869464]]},"id":"way/1322483093"},{"type":"Feature","properties":{"@id":"way/1322485355","highway":"service"},"geometry":{"type":"LineString","coordinates":[[28.030253,-26.1868108],[28.0302684,-26.1868421],[28.0302992,-26.1868662],[28.0303401,-26.1868698]]},"id":"way/1322485355"},{"type":"Feature","properties":{"@id":"way/1322485356","highway":"service"},"geometry":{"type":"LineString","coordinates":[[28.0303401,-26.1868698],[28.030379,-26.1868614],[28.0304146,-26.1868234],[28.0304367,-26.1867651],[28.0304381,-26.1867115],[28.0303918,-26.1867031],[28.0303475,-26.1867043],[28.030316,-26.1867127],[28.0302919,-26.186726],[28.0302624,-26.1867615],[28.030253,-26.1868108]]},"id":"way/1322485356"},{"type":"Feature","properties":{"@id":"way/1322486122","highway":"service"},"geometry":{"type":"LineString","coordinates":[[28.0321191,-26.1883235],[28.0321506,-26.1882995],[28.03216,-26.1882622],[28.032154,-26.1882309],[28.0321299,-26.1882158],[28.0320963,-26.1882128]]},"id":"way/1322486122"},{"type":"Feature","properties":{"@id":"way/1322486123","highway":"service"},"geometry":{"type":"LineString","coordinates":[[28.0320963,-26.1882128],[28.0320212,-26.1882351],[28.0319569,-26.188261],[28.0318583,-26.1883241],[28.0319998,-26.1883464],[28.0320601,-26.1883404],[28.0321191,-26.1883235]]},"id":"way/1322486123"},{"type":"Feature","properties":{"@id":"way/1322486696","highway":"service"},"geometry":{"type":"LineString","coordinates":[[28.03127,-26.1886113],[28.0314352,-26.1888428],[28.0315492,-26.188921],[28.0317155,-26.1889752],[28.0319059,-26.1889704],[28.0322586,-26.1889559],[28.0322948,-26.1889475],[28.0323257,-26.1889307],[28.0323672,-26.1888873],[28.0324249,-26.1887706],[28.0324571,-26.1885997]]},"id":"way/1322486696"},{"type":"Feature","properties":{"@id":"way/1322486697","highway":"service"},"geometry":{"type":"LineString","coordinates":[[28.0318023,-26.188333],[28.0319052,-26.1884716],[28.0320051,-26.188551]]},"id":"way/1322486697"},{"type":"Feature","properties":{"@id":"way/1369868886","highway":"service"},"geometry":{"type":"LineString","coordinates":[[28.0269304,-26.1875208],[28.0272157,-26.187501]]},"id":"way/1369868886"},{"type":"Feature","properties":{"@id":"way/1369868887","highway":"service"},"geometry":{"type":"LineString","coordinates":[[28.0268962,-26.187377],[28.0271943,-26.1873513]]},"id":"way/1369868887"},{"type":"Feature","properties":{"@id":"way/1369868888","highway":"service"},"geometry":{"type":"LineString","coordinates":[[28.0271711,-26.1871893],[28.0268781,-26.1872164]]},"id":"way/1369868888"},{"type":"Feature","properties":{"@id":"way/1369868889","highway":"service"},"geometry":{"type":"LineString","coordinates":[[28.0271624,-26.186933],[28.026858,-26.1869642]]},"id":"way/1369868889"},{"type":"Feature","properties":{"@id":"way/1369868890","highway":"service"},"geometry":{"type":"LineString","coordinates":[[28.0268432,-26.1868222],[28.0271701,-26.1867928]]},"id":"way/1369868890"},{"type":"Feature","properties":{"@id":"way/1369868891","highway":"service"},"geometry":{"type":"LineString","coordinates":[[28.0267326,-26.1866826],[28.0271269,-26.1866321],[28.0271624,-26.1866465],[28.0271758,-26.1866766],[28.0271701,-26.1867928],[28.0271624,-26.186933],[28.0271711,-26.1871893],[28.0271943,-26.1873513],[28.0272157,-26.187501],[28.0272303,-26.1876036],[28.0272623,-26.1878753],[28.027258,-26.18789],[28.0272449,-26.1878993],[28.0271202,-26.1879029],[28.027088,-26.1878903],[28.0270739,-26.187868],[28.0270524,-26.1877982]]},"id":"way/1369868891"},{"type":"Feature","properties":{"@id":"way/1369868892","highway":"service"},"geometry":{"type":"LineString","coordinates":[[28.0268686,-26.1853481],[28.0269351,-26.1861194]]},"id":"way/1369868892"},{"type":"Feature","properties":{"@id":"way/1369868893","highway":"service"},"geometry":{"type":"LineString","coordinates":[[28.0266989,-26.1852995],[28.0267587,-26.1861122]]},"id":"way/1369868893"},{"type":"Feature","properties":{"@id":"way/1369868894","highway":"service"},"geometry":{"type":"LineString","coordinates":[[28.0265803,-26.1862259],[28.0265728,-26.1861009]]},"id":"way/1369868894"},{"type":"Feature","properties":{"@id":"way/1369868895","highway":"service"},"geometry":{"type":"LineString","coordinates":[[28.0265728,-26.1861009],[28.0265234,-26.1852806],[28.0265542,-26.1852601],[28.0266989,-26.1852995],[28.0268686,-26.1853481],[28.0270196,-26.1853913],[28.0270524,-26.185425],[28.027094,-26.1860791],[28.0270786,-26.1861068],[28.0269351,-26.1861194],[28.0268392,-26.186126],[28.0267587,-26.1861122],[28.0266467,-26.1861068],[28.0265728,-26.1861009]]},"id":"way/1369868895"},{"type":"Feature","properties":{"@id":"way/1369868896","highway":"service"},"geometry":{"type":"LineString","coordinates":[[28.0262357,-26.1855195],[28.0261197,-26.1854912],[28.026064,-26.1854744],[28.0260325,-26.1854563],[28.0259983,-26.1854322]]},"id":"way/1369868896"},{"type":"Feature","properties":{"@id":"way/1369868897","highway":"service"},"geometry":{"type":"LineString","coordinates":[[28.0261177,-26.1850552],[28.0259983,-26.1854322]]},"id":"way/1369868897"},{"type":"Feature","properties":{"@id":"way/1369868898","highway":"service"},"geometry":{"type":"LineString","coordinates":[[28.0259555,-26.1850112],[28.0258346,-26.1853853]]},"id":"way/1369868898"},{"type":"Feature","properties":{"@id":"way/1369868899","highway":"service"},"geometry":{"type":"LineString","coordinates":[[28.0257968,-26.1849681],[28.025684,-26.1853368]]},"id":"way/1369868899"},{"type":"Feature","properties":{"@id":"way/1369868900","highway":"service"},"geometry":{"type":"LineString","coordinates":[[28.0261653,-26.1856693],[28.0262357,-26.1855195],[28.0262283,-26.1854485],[28.0262277,-26.1853961],[28.0262303,-26.1853468],[28.0262759,-26.1851302],[28.0262692,-26.1851049],[28.0262431,-26.1850893],[28.0261177,-26.1850552],[28.0259555,-26.1850112],[28.0257968,-26.1849681],[28.0256644,-26.1849322],[28.0256345,-26.1849367],[28.0256154,-26.1849533],[28.0255249,-26.1852511],[28.0255296,-26.1852764],[28.0255504,-26.1852938],[28.025684,-26.1853368],[28.0258346,-26.1853853],[28.0259983,-26.1854322]]},"id":"way/1369868900"},{"type":"Feature","properties":{"@id":"way/1376550505","footway":"sidewalk","highway":"footway"},"geometry":{"type":"LineString","coordinates":[[28.030674,-26.186055],[28.0309782,-26.1861301],[28.0313685,-26.186242],[28.0318701,-26.1864971],[28.0321463,-26.1866584],[28.0322992,-26.1867872],[28.0323783,-26.1868879],[28.0325808,-26.1871458]]},"id":"way/1376550505"},{"type":"Feature","properties":{"@id":"way/1377070272","crossing":"traffic_signals","footway":"crossing","highway":"footway"},"geometry":{"type":"LineString","coordinates":[[28.0326363,-26.1914824],[28.0327005,-26.191456],[28.0328174,-26.1914078],[28.0328797,-26.1913822],[28.0329567,-26.1914913],[28.0330353,-26.1916027],[28.0329725,-26.1916291],[28.0328601,-26.1916765],[28.0327811,-26.1917098]]},"id":"way/1377070272"},{"type":"Feature","properties":{"@id":"way/1409954935","highway":"service"},"geometry":{"type":"LineString","coordinates":[[28.0269598,-26.188297],[28.0273525,-26.1882516],[28.0273606,-26.1882417],[28.0273619,-26.1882297],[28.0273515,-26.1881719],[28.0273438,-26.1881617],[28.02733,-26.1881587],[28.0271295,-26.1881779]]},"id":"way/1409954935"},{"type":"Feature","properties":{"@id":"way/1409954936","highway":"service"},"geometry":{"type":"LineString","coordinates":[[28.0271463,-26.1887857],[28.0274541,-26.1887532],[28.0274742,-26.1887405],[28.0274829,-26.1887225],[28.0274521,-26.188619],[28.0274219,-26.1885299],[28.0274051,-26.1885089],[28.027379,-26.1884986],[28.0271409,-26.1885173]]},"id":"way/1409954936"},{"type":"Feature","properties":{"@id":"way/1409954937","highway":"service"},"geometry":{"type":"LineString","coordinates":[[28.0270082,-26.1886394],[28.0274521,-26.188619]]},"id":"way/1409954937"},{"type":"Feature","properties":{"@id":"way/1409954938","highway":"service"},"geometry":{"type":"LineString","coordinates":[[28.0250626,-26.1898269],[28.0250914,-26.1898561],[28.0251276,-26.1898669],[28.0257445,-26.1897983],[28.0257603,-26.1897875],[28.025766,-26.1897713],[28.0257569,-26.1897222],[28.0257435,-26.1897099],[28.0257237,-26.189706],[28.0251239,-26.1897728],[28.0250921,-26.1897887],[28.0250626,-26.1898269]]},"id":"way/1409954938"},{"type":"Feature","properties":{"@id":"way/1409954939","highway":"service"},"geometry":{"type":"LineString","coordinates":[[28.0250626,-26.1898269],[28.0249604,-26.1898362]]},"id":"way/1409954939"},{"type":"Feature","properties":{"@id":"way/1409954940","highway":"service"},"geometry":{"type":"LineString","coordinates":[[28.0249896,-26.1900541],[28.0256356,-26.1899837]]},"id":"way/1409954940"},{"type":"Feature","properties":{"@id":"way/1409954941","highway":"service"},"geometry":{"type":"LineString","coordinates":[[28.0290051,-26.191003],[28.0291016,-26.191033],[28.0291667,-26.1910403],[28.0293437,-26.1910246]]},"id":"way/1409954941"},{"type":"Feature","properties":{"@id":"way/1409954942","highway":"service"},"geometry":{"type":"LineString","coordinates":[[28.0290775,-26.1908435],[28.028537,-26.1909091],[28.0285136,-26.1909067],[28.0284995,-26.1908922],[28.028476,-26.1906895]]},"id":"way/1409954942"},{"type":"Feature","properties":{"@id":"way/1409954943","highway":"service"},"geometry":{"type":"LineString","coordinates":[[28.0272945,-26.1907111],[28.027269,-26.1905848],[28.0272536,-26.1905463],[28.0272295,-26.1905084],[28.0271912,-26.1904825],[28.0271376,-26.1904524],[28.0271148,-26.1904145],[28.0271007,-26.1903405],[28.0270779,-26.1901437]]},"id":"way/1409954943"},{"type":"Feature","properties":{"@id":"way/1409954944","highway":"service"},"geometry":{"type":"LineString","coordinates":[[28.0273187,-26.190311],[28.0271007,-26.1903405]]},"id":"way/1409954944"},{"type":"Feature","properties":{"@id":"way/1409954945","highway":"service"},"geometry":{"type":"LineString","coordinates":[[28.0275889,-26.1902996],[28.0276311,-26.1904362],[28.0276499,-26.1906004],[28.0276506,-26.1907809],[28.0276432,-26.1909548],[28.0276117,-26.191287]]},"id":"way/1409954945"},{"type":"Feature","properties":{"@id":"way/1409954946","highway":"service"},"geometry":{"type":"LineString","coordinates":[[28.0273897,-26.1908917],[28.027444,-26.1909277],[28.0275084,-26.1909476],[28.0276432,-26.1909548]]},"id":"way/1409954946"},{"type":"Feature","properties":{"@id":"way/1409954947","highway":"service"},"geometry":{"type":"LineString","coordinates":[[28.0275084,-26.1901527],[28.0274481,-26.1897707],[28.0274093,-26.1894546]]},"id":"way/1409954947"},{"type":"Feature","properties":{"@id":"way/1409954948","highway":"service"},"geometry":{"type":"LineString","coordinates":[[28.0273484,-26.1889941],[28.0272228,-26.1890083],[28.0271979,-26.1890197],[28.0271892,-26.1890438],[28.0272585,-26.1894614],[28.0273274,-26.1897671],[28.0273428,-26.1897779],[28.0273669,-26.1897785],[28.0274481,-26.1897707]]},"id":"way/1409954948"},{"type":"Feature","properties":{"@id":"way/1409954949","highway":"service"},"geometry":{"type":"LineString","coordinates":[[28.0276532,-26.1901756],[28.0275647,-26.1894475],[28.0274849,-26.188894],[28.0274766,-26.1888855],[28.0274652,-26.1888828],[28.0273609,-26.1888952],[28.0273441,-26.1889039],[28.0273388,-26.1889207],[28.0273484,-26.1889941],[28.0274093,-26.1894546]]},"id":"way/1409954949"},{"type":"Feature","properties":{"@id":"way/1409954950","highway":"service"},"geometry":{"type":"LineString","coordinates":[[28.0271383,-26.1894668],[28.0272585,-26.1894614],[28.0274093,-26.1894546],[28.0275647,-26.1894475]]},"id":"way/1409954950"},{"type":"Feature","properties":{"@id":"way/1409954951","highway":"service"},"geometry":{"type":"LineString","coordinates":[[28.0264543,-26.1874102],[28.0265941,-26.1873978],[28.0266099,-26.1873885],[28.0266152,-26.1873725],[28.0265861,-26.1871679],[28.0265891,-26.1871574],[28.0266001,-26.1871493],[28.0266732,-26.1871418],[28.026685,-26.187146],[28.026691,-26.1871565],[28.0267135,-26.1873466]]},"id":"way/1409954951"},{"type":"Feature","properties":{"@id":"way/1409954952","highway":"service"},"geometry":{"type":"LineString","coordinates":[[28.0255165,-26.1867322],[28.0265321,-26.1865996]]},"id":"way/1409954952"},{"type":"Feature","properties":{"@id":"way/1409954953","highway":"service"},"geometry":{"type":"LineString","coordinates":[[28.0262451,-26.1861483],[28.0264458,-26.1861227]]},"id":"way/1409954953"},{"type":"Feature","properties":{"@id":"way/1409954954","highway":"service"},"geometry":{"type":"LineString","coordinates":[[28.025468,-26.1857249],[28.0256939,-26.1855724]]},"id":"way/1409954954"},{"type":"Feature","properties":{"@id":"way/1409954955","highway":"service"},"geometry":{"type":"LineString","coordinates":[[28.025647,-26.1854732],[28.0255853,-26.185487],[28.0255249,-26.1855141],[28.0254847,-26.1855406],[28.0254626,-26.1855718],[28.0254545,-26.1856206],[28.025468,-26.1857249],[28.025539,-26.1862717]]},"id":"way/1409954955"},{"type":"Feature","properties":{"@id":"way/1409954956","highway":"service"},"geometry":{"type":"LineString","coordinates":[[28.0251346,-26.1866176],[28.0250998,-26.1864116],[28.0250921,-26.1864019],[28.0250787,-26.1864001],[28.0249697,-26.1864004],[28.0249549,-26.1864052],[28.0249482,-26.1864182],[28.0249482,-26.1864335],[28.0249777,-26.1865803]]},"id":"way/1409954956"},{"type":"Feature","properties":{"@id":"way/1409955040","highway":"service"},"geometry":{"type":"LineString","coordinates":[[28.0267721,-26.1874968],[28.0266407,-26.18751],[28.0266273,-26.1875163],[28.0266226,-26.1875293],[28.026628,-26.1875822],[28.026659,-26.1878107],[28.0266674,-26.1878194],[28.0266828,-26.1878205],[28.0268011,-26.1878124],[28.0268105,-26.1878071],[28.0268135,-26.1877975],[28.0267845,-26.187618]]},"id":"way/1409955040"},{"type":"Feature","properties":{"@id":"way/1409955041","highway":"service"},"geometry":{"type":"LineString","coordinates":[[28.0268586,-26.1875629],[28.026628,-26.1875822]]},"id":"way/1409955041"},{"type":"Feature","properties":{"@id":"way/1554607559","highway":"service","service":"drive-through"},"geometry":{"type":"LineString","coordinates":[[28.0294947,-26.1885779],[28.0299092,-26.1889035],[28.0300964,-26.1885124]]},"id":"way/1554607559"}]}